57509612-cace-49ee-be09-aa3de539e09c,2024-01-08 17:21:01,Subway,116.66
3d5750fd-fe98-45a7-b762-315e598e42e2,2023-12-24 17:21:01,Walgreens,70.7
076a6bbb-bbb0-443e-9b91-dc9479e7b57a,2024-01-01 17:21:01,Costco,127.04
a6e1dba9-4bf6-4c37-a5dc-6eab4e9abe21,2024-01-05 17:21:01,Safeway,5.87
fa09ed76-8ae7-4a11-9aed-64db7865bc94,2023-12-16 17:21:01,Home Depot,91.36
3ca5c42c-ea4d-4c2d-a27a-9780931aee23,2024-01-02 17:21:01,CVS,85.27
4bbe54c1-3a3e-46e5-bb85-5e0c27896d63,2023-12-22 17:21:01,Subway,121.55
2b740b64-ded9-49b8-95a0-a38f5849a5e1,2023-12-20 17:21:01,Target,26.32
2e0941d3-10be-4df0-9af4-eff1b58feaf7,2023-12-17 17:21:01,McDonald's,52.65
07320074-e880-467f-b2db-f127f8a9b0c4,2023-12-26 17:21:01,CVS,127.34
c8c56bd4-a771-4540-968d-aa5c02a82923,2024-01-04 17:21:01,Home Depot,65.97
94de1538-862c-4d54-b411-fbd564e36c50,2023-12-24 17:21:01,Home Depot,94.1
e139ad28-94a5-4eb1-90a5-3f6ed3734365,2023-12-28 17:21:01,Trader Joe's,142.64
22e95b09-9327-42b7-b82f-3fec671b2b85,2023-12-26 17:21:01,Subway,7.46
c1794858-293c-41b4-bf82-16833b55b10e,2023-12-13 17:21:01,Chevron,40.15
b0955e7c-cc75-4757-983a-e5d79dfcec7e,2024-01-08 17:21:01,Starbucks,127.4
ad03eb1a-8e97-4a5a-a808-72032e4c29a4,2023-12-14 17:21:01,Chevron,120.81
7ef55d57-2891-4213-b2a6-cb04e3eafe01,2024-01-02 17:21:01,Costco,142.97
81cb0b3c-6ce7-4c2b-9ad2-67ad45354a50,2023-12-29 17:21:01,Safeway,143.51
b31b7f88-8494-4d77-a067-6c30e5c2b3c6,2023-12-23 17:21:01,Microcenter,43.65
87b38ae1-f47e-4bb8-b0ca-04bfac9d3e60,2023-12-28 17:21:01,Apple Store,16.89
bf1b5494-e391-4fea-8852-9d78939257ed,2023-12-15 17:21:01,Walmart,97.09
59f0f172-5506-418d-a4e4-a6eabd917f95,2024-01-02 17:21:01,Chevron,127.57
62a55be8-2df1-4def-8a2c-aaac7c77d550,2023-12-14 17:21:01,Whole Foods,103.82
47ba03cc-44ec-4965-8312-34974b62cc88,2023-12-21 17:21:01,Starbucks,12.92
c2ac1213-adc6-4ac1-928a-aa53ede1d16f,2023-12-28 17:21:01,Target,22.63
4d713515-9d8f-407d-b420-4d9d332870be,2023-12-22 17:21:01,7-Eleven,37.5
bb9df975-6903-4870-bac4-9ad7e1623382,2023-12-22 17:21:01,Chevron,8.1
342b33c0-9c7c-431d-b423-89f8768f89b3,2024-01-09 17:21:01,Lowe's,109.46
bfad0024-1f74-48d1-867e-f31e6dc56d8d,2024-01-02 17:21:01,Trader Joe's,76.95
2d0e2443-7bb6-41df-a3a2-98743f1f2646,2024-01-11 17:21:01,Starbucks,67.86
5e3caafc-4620-4c00-af42-b740077d2b24,2023-12-28 17:21:01,Trader Joe's,137.63
4024fba3-40ca-4a3b-91b5-c8d9a92174db,2023-12-24 17:21:01,Kroger,126.75
6567f5e1-f552-4083-be93-0a709483624e,2023-12-25 17:21:01,Microcenter,77.84
f766e7ea-2fd1-4e79-8c05-f81869d068e6,2023-12-26 17:21:01,Microcenter,118.49
bac7ab3e-338e-4b78-9ca5-9dc62c943f5f,2023-12-30 17:21:01,Kroger,40.2
123f7886-8b9e-4be2-9d13-6c19c0073671,2024-01-11 17:21:01,Microcenter,89.66
9afe9b42-f56e-47b6-bf38-7d5d6779723c,2024-01-02 17:21:01,Kroger,16.67
7e718cc0-d17a-4864-87f2-feb35d7cdfae,2024-01-11 17:21:01,Walgreens,100.78
d2f11733-0d7c-40ff-a04b-9831b82c848f,2023-12-12 17:21:01,Walgreens,41.73
c58f78e5-235a-4370-b8b5-19313ad307db,2023-12-21 17:21:01,Lowe's,7.38
f1773871-9020-496b-8eb6-53a579869723,2023-12-13 17:21:01,CVS,47.81
a14481a8-6112-48fa-8134-2353ecaefb56,2023-12-25 17:21:01,Walgreens,108.45
f081ead4-2f37-4082-ac47-ebf4914d7182,2023-12-31 17:21:01,Target,19.52
3fa86410-5410-40f0-8146-6e51cf370b6f,2024-01-03 17:21:01,Walgreens,27.36
c229a8d2-98d2-4fec-a592-b29e25e7f40c,2023-12-21 17:21:01,Trader Joe's,133.52
7b4e36d3-bce0-4259-9980-58d853d80433,2023-12-31 17:21:01,Amazon,56.99
de56f4b6-84fc-466c-b628-c22cea11c026,2023-12-13 17:21:01,Microcenter,71.26
fd61bff2-2788-489c-a55f-e3af31f1924e,2024-01-04 17:21:01,Subway,134.8
ce2a96df-9cd5-4a53-8e80-303683eaf0c6,2024-01-07 17:21:01,Subway,48.39
003747a3-187a-4125-bd62-a4a981307016,2023-12-26 17:21:01,Safeway,73.52
6c23b05c-aa21-4872-9bda-e12937fcd5ce,2023-12-24 17:21:01,7-Eleven,131.32
843a0860-9f88-4919-9f2c-b52525bdaeae,2024-01-09 17:21:01,Walmart,117.54
511f7759-e345-4597-8d87-daf0692f6c76,2023-12-20 17:21:01,Whole Foods,62.34
cd454ec0-684a-4e0a-9e60-bb77ecb071aa,2023-12-23 17:21:01,Lowe's,36.93
26fa7eee-c50f-4e8b-8d4c-c6be25ca610b,2023-12-22 17:21:01,Microcenter,98.65
6d47b38f-b5af-47bb-9dfd-4c56b2f291eb,2024-01-01 17:21:01,McDonald's,68.76
cd01f059-57d3-41ee-81fb-afee31f0742d,2023-12-13 17:21:01,Chevron,37.26
1cf5b21e-aca2-48c5-80fe-461d10d9bafd,2023-12-19 17:21:01,Microcenter,116.35
50218638-1694-4106-b613-694faf0cdfde,2023-12-21 17:21:01,Walgreens,80.02
6384225b-4e07-4ac8-b238-c7f80bc43d62,2024-01-02 17:21:01,Chevron,24.97
dbf5808e-a6a8-44da-8e3e-29986b9e4f06,2024-01-09 17:21:01,Apple Store,91.61
808a67f3-403d-4ca7-86a0-9d97cdbb7a4d,2023-12-20 17:21:01,Best Buy,64.57
3ec22a9c-d447-4567-b151-a04b42c5e7bf,2023-12-30 17:21:01,Home Depot,118.34
bf3243e6-114e-4d97-a713-7bea2c78975c,2023-12-26 17:21:01,Subway,54.53
25e42f91-7b57-4c24-95fb-68140bcf340b,2024-01-07 17:21:01,McDonald's,40.06
acde643e-129c-419d-9573-7ebfd2b91487,2024-01-04 17:21:01,Safeway,57.58
cc8fc1ca-2718-475a-ad25-9f7b15be69d1,2023-12-24 17:21:01,Apple Store,111.89
4af74359-95d4-407b-b995-67757fe7df1d,2024-01-05 17:21:01,Target,135.53
3490005e-be13-44b1-9e9a-4c253997c96a,2023-12-19 17:21:01,7-Eleven,100.66
bc932e53-3a95-4a88-8009-56b6f02b274c,2023-12-30 17:21:01,Safeway,34.44
79864753-701f-4513-b779-5b55a57ee51d,2023-12-26 17:21:01,Starbucks,79.93
72982404-740b-4423-b838-93a552e220f5,2023-12-17 17:21:01,Kroger,113.27
0ef62c2d-f85b-44d4-a8ba-6dc973cb8a5a,2024-01-05 17:21:01,Lowe's,138.64
49e3cbf5-13de-4f80-a0ca-fa7e1a7b6b1a,2023-12-31 17:21:01,Microcenter,89.5
db99c1eb-55b8-4ead-bafc-b080625cc224,2023-12-20 17:21:01,CVS,4.7
027cbcae-7f52-450c-bce5-7d8853ab9989,2024-01-05 17:21:01,Lowe's,111.03
9e70b5c1-5d95-45bc-a71e-5da8f0dfc531,2023-12-27 17:21:01,Microcenter,139.93
cfa087f6-3f00-470b-a29a-2bc28cc7f53f,2023-12-31 17:21:01,Trader Joe's,96.22
a9b4f4a8-6ac2-4df1-9f3d-df7bc8b70311,2023-12-27 17:21:01,Kroger,67.2
9c8429e5-b56f-4012-a371-9eddfab3bc38,2023-12-21 17:21:01,Lowe's,73.61
f7c43536-d8c5-44c9-a25a-5c9ff5c756ad,2023-12-29 17:21:01,Best Buy,119.13
0392aa55-e7eb-4183-b7fa-e56702551864,2023-12-12 17:21:01,Home Depot,118.1
605779c5-599f-4af9-a41d-e3a6325e7538,2023-12-24 17:21:01,McDonald's,121.37
6b7175a9-6adb-41fd-9e64-6b031046bcee,2023-12-27 17:21:01,Walmart,47.64
594a2ece-82c1-4112-b78b-a7775e28bf2e,2023-12-13 17:21:01,Best Buy,136.93
a3097828-d2c8-4b12-927e-0a461d0c81e7,2024-01-07 17:21:01,Trader Joe's,59.69
d2c30ec1-7ab9-4664-9e5a-8efff37cbd74,2024-01-06 17:21:01,Subway,9.39
273ef62c-b0b5-402a-b815-63a3a66fd14a,2023-12-27 17:21:01,Walmart,2.46
3bbdbf6f-a721-4792-8f77-4a790144432a,2023-12-29 17:21:01,Safeway,21.1
2f4ae42e-19d6-45be-830b-59ea1b4a8e26,2023-12-13 17:21:01,Whole Foods,137.79
8463254f-54a6-4690-8bb3-e4ea8d25344a,2024-01-04 17:21:01,CVS,67.0
88dd4bb3-ab82-41e1-af62-e9352e7edefc,2023-12-16 17:21:01,McDonald's,17.18
79a29a20-2adb-4173-94b8-5cc2dfd64688,2024-01-04 17:21:01,Kroger,74.68
823d222b-82c3-40b8-9cb7-160ea0fa6092,2024-01-05 17:21:01,Apple Store,58.58
d4c5a007-78b9-4e6b-844a-5a4c5cebe01b,2023-12-20 17:21:01,Amazon,14.28
1a839725-6882-4ad2-8e7d-f9313e4624d0,2023-12-22 17:21:01,Amazon,55.28
725a2d93-d903-4f6f-8ccd-2c5e9270e94e,2023-12-17 17:21:01,McDonald's,16.58
40fcd985-de7a-4a1a-94fa-bc11c613b441,2023-12-17 17:21:01,Starbucks,90.83
4d49969c-0892-44dd-8819-e5ad2c87e43a,2023-12-28 17:21:01,Amazon,135.89
3222a143-a962-4809-a5f3-e259b215288f,2024-01-07 17:21:01,Costco,22.52
ae230926-c27c-41d7-88f1-9403827fbb4a,2023-12-25 17:21:01,Starbucks,19.39
862113b9-4618-44b5-8b4c-241a971d5cd6,2023-12-29 17:21:01,7-Eleven,84.69
c75ad3a3-516c-4228-b846-ea7a34787ac7,2023-12-24 17:21:01,Home Depot,58.47
34e6a698-b03c-4ee7-9cf5-94b18a747b23,2023-12-28 17:21:01,CVS,12.62
78b64cee-791b-45de-9bbc-e77a838f4c22,2023-12-26 17:21:01,Amazon,94.96
6367a36a-32a0-4b92-b0fb-3f27d998d3a2,2024-01-09 17:21:01,Home Depot,101.07
54731fd3-c732-4adb-9c53-6b833f480a67,2024-01-03 17:21:01,Kroger,60.76
0c66bbcc-41ae-4a72-8dbc-002b3e991413,2024-01-05 17:21:01,Costco,133.0
bb82247c-5e8e-4648-82d1-1b65c74edf83,2024-01-01 17:21:01,Chevron,4.47
d569420d-95c1-4efc-a1fb-e0cde78fb9fb,2024-01-05 17:21:01,Subway,92.92
4e3ce152-9be0-4c24-82df-7cc2fe85dcea,2024-01-05 17:21:01,Walmart,122.97
dca457c8-0bc7-4f98-b686-05d0f39e5be9,2023-12-28 17:21:01,Safeway,82.51
28418e84-09d1-4ff7-a833-d01c017618c8,2023-12-27 17:21:01,Best Buy,75.84
0d7398e7-9467-44e4-9bbf-5b64afc2b7b7,2023-12-30 17:21:01,Lowe's,20.85
69d74db5-6610-4b96-a1b9-93ebc02805fc,2023-12-13 17:21:01,McDonald's,142.28
70a4b560-5e9b-497e-960d-c5acca021810,2024-01-04 17:21:01,Chevron,83.45
55452efd-a02d-4648-8d34-80aed48030e4,2024-01-05 17:21:01,Home Depot,109.81
7622209c-787f-43be-ab85-5b9e6befcd16,2024-01-09 17:21:01,Apple Store,101.65
795da967-b926-4abf-94f0-30a25f0810b8,2024-01-02 17:21:01,Costco,45.47
d02e28d2-7915-4972-b3b4-a140a7479dee,2024-01-06 17:21:01,Safeway,15.0
1d19b176-dc0a-401d-ac91-8d16f31fb70b,2023-12-16 17:21:01,CVS,43.68
29fdc74f-52d7-4b0b-b4c0-cf458ea13266,2024-01-08 17:21:01,Lowe's,140.69
941d545b-d15d-4cbb-a917-40803fc66e7d,2024-01-10 17:21:01,Home Depot,125.28
fb428bd9-12b6-48c8-ab0b-722e5c4e8bcb,2023-12-24 17:21:01,Amazon,107.36
ae6f1ad2-1a51-44f5-96e2-2a717a368cc8,2023-12-14 17:21:01,Starbucks,140.65
0224a14a-ad66-4a14-a7ef-e15064f5b09b,2024-01-08 17:21:01,Apple Store,35.41
c193bd45-cbab-488a-8503-ddddccfb684a,2024-01-01 17:21:01,Home Depot,146.07
305703c8-d109-46c0-9ac4-e7210a6aff2d,2024-01-01 17:21:01,Subway,50.17
082d2a41-8bbe-4097-a7f7-a0c311dd1e7c,2023-12-16 17:21:01,Chevron,96.98
b5b64c0f-5030-4b95-8ac1-62a68d77e1b2,2023-12-18 17:21:01,Best Buy,84.52
a748656e-be61-4e1c-93b6-f9efc54e0658,2024-01-01 17:21:01,Whole Foods,147.27
90cb7c95-9fcd-483c-ae4b-36fc23030171,2023-12-23 17:21:01,Target,22.53
18f9265c-35f7-4678-8cea-5935311059a0,2023-12-20 17:21:01,Walmart,98.39
8c6ae5e8-cd93-4bbd-a4a8-2c6ec4de1400,2024-01-01 17:21:01,Best Buy,14.74
6d48882a-1979-4f0c-9b56-eb1985970c20,2023-12-17 17:21:01,Trader Joe's,96.64
b6d944d5-fb72-4d46-9136-3e0ddff0298c,2023-12-28 17:21:01,Microcenter,9.4
13b2ccda-ad84-41da-bb38-695d4c36f659,2024-01-02 17:21:01,Trader Joe's,106.18
0c64cdfe-ba32-4e50-9253-27f624c33a80,2024-01-05 17:21:01,Costco,13.25
df0099cb-94c5-486f-bbdb-1cf29ca9e672,2023-12-22 17:21:01,Amazon,41.92
7a9d9f17-b351-4cb0-bc4b-52dac153780e,2024-01-11 17:21:01,McDonald's,112.36
6f0c92fb-4b85-4c00-9bcd-18055ef6cb6a,2023-12-31 17:21:01,Walmart,145.31
7773898d-3f55-4fae-808a-07dca597b950,2023-12-26 17:21:01,Chevron,97.79
a3e1568b-e071-4dc0-9376-10cb53c66136,2024-01-06 17:21:01,Starbucks,58.1
423136b5-7375-42d4-a951-54358ecee337,2023-12-15 17:21:01,7-Eleven,116.54
c727073e-728a-462e-9fcb-d772411865fc,2024-01-03 17:21:01,Costco,52.58
beeae06e-9f5b-4a04-8882-d9cb9170c81e,2023-12-30 17:21:01,7-Eleven,121.66
3290a5ea-1400-4b5c-b224-fd359bd64c18,2023-12-30 17:21:01,Lowe's,26.85
2a499317-c632-4190-a5c0-a29bb46d1f7b,2024-01-06 17:21:01,Starbucks,32.57
a266cc5f-47ba-47fd-b725-27382ecd958c,2023-12-24 17:21:01,Walmart,127.48
ef23ca8c-53d4-4024-91c7-5b4458f23781,2024-01-07 17:21:01,CVS,84.43
ab648f56-a13e-4168-b5dc-db4dfdd14ecc,2023-12-12 17:21:01,Chevron,61.66
b015352a-b91d-41ad-a32e-618d022724e1,2023-12-31 17:21:01,Subway,15.91
01564c88-742d-4117-be4b-6181b93c223b,2023-12-22 17:21:01,Costco,3.81
5b0ae262-9a81-43ea-a3ee-f8648a7fde63,2024-01-06 17:21:01,Walgreens,146.06
eb5094f0-08b0-4a76-8865-2e6a9f255baa,2023-12-13 17:21:01,Costco,96.82
94eeaaf1-04fd-4bf4-8b49-0d8a9ff42d28,2023-12-12 17:21:01,Subway,136.21
8d6aa5f2-ecfd-4163-a148-c40583a15e07,2023-12-21 17:21:01,CVS,43.55
ea5a5eb0-270b-470f-bde4-def51c90a95c,2023-12-12 17:21:01,Amazon,85.63
a56b146e-e4a8-4d3d-8e6b-824a01dc488c,2024-01-11 17:21:01,CVS,119.06
6758fbd8-ae62-4c23-92fc-63dfa2659a80,2024-01-07 17:21:01,Best Buy,48.95
ed6b4cf7-d9cd-41d4-9d02-a73f35cabee4,2024-01-04 17:21:01,Best Buy,130.76
6dc2489b-85cd-4704-9fc2-60d7da672651,2024-01-02 17:21:01,Costco,16.41
fe5afecc-9404-4228-ad98-29060c3201f1,2023-12-28 17:21:01,McDonald's,108.14
e7fa4c70-dd63-47d0-ac75-d74d6845c2e2,2024-01-07 17:21:01,Trader Joe's,94.56
99e0f185-5c68-40a9-9c08-f44df9ff038c,2024-01-06 17:21:01,CVS,87.09
d52d9231-8637-4ab8-98ec-c0b3670e4d8d,2024-01-05 17:21:01,Best Buy,121.45
42b29a08-152d-4fc6-97ef-e3e8f11d3059,2024-01-02 17:21:01,Microcenter,3.65
1828fac7-69b0-4eec-9415-071b3c44fcae,2023-12-22 17:21:01,Costco,75.79
058e2522-6932-43f5-8395-d4611cef4ba3,2024-01-09 17:21:01,CVS,135.0
ba53aa89-e000-418b-a6ba-725eae77d614,2024-01-01 17:21:01,Safeway,118.19
455fae55-5a73-4ae2-ae38-6a7e59bc6476,2023-12-19 17:21:01,Safeway,45.12
9f12f4a9-e125-4922-8f7c-52c8cd43997d,2023-12-22 17:21:01,Walgreens,32.53
02998a21-57c0-44c9-859e-a51de78f71d4,2023-12-19 17:21:01,Subway,115.41
0afe8f7d-5853-483e-9ee6-f348d7acae88,2023-12-21 17:21:01,McDonald's,134.48
6a4cb4d3-1be9-43d2-a1d8-4564a87a3741,2023-12-17 17:21:01,Whole Foods,43.61
42409cc7-3f1b-489a-920a-9fdcc69b073f,2024-01-01 17:21:01,Kroger,68.66
154b1ad2-71f9-49eb-912e-5e9f09e479ea,2024-01-01 17:21:01,Starbucks,117.26
06b24d40-f997-4053-b8ea-64bed098cb11,2024-01-06 17:21:01,7-Eleven,147.85
83071e8e-97c1-407e-8412-cde5f1be73e6,2023-12-31 17:21:01,Walmart,35.43
97364702-7cda-472b-93a7-5ad8e55d804d,2023-12-22 17:21:01,Costco,140.9
e8b67e9d-7026-42e1-9f9c-5f13cf8c2d6a,2024-01-08 17:21:01,Costco,75.81
ee0a79c4-ab68-454b-ab63-a2bf1645f8a4,2023-12-18 17:21:01,Trader Joe's,107.78
c40cb988-6302-4010-9d4b-818038d2a83a,2023-12-15 17:21:01,7-Eleven,71.76
7cefad57-a86b-4d4a-a595-840a09d90579,2024-01-10 17:21:01,Starbucks,96.12
f7bb923d-fbc9-486f-9bdc-24b7eaa253f1,2024-01-09 17:21:01,Amazon,111.24
fe0968e5-cad4-4fbf-b064-b5e52edc698e,2023-12-14 17:21:01,Lowe's,135.99
697acf5d-079c-4b18-bece-fb20e55aca25,2023-12-27 17:21:01,Whole Foods,17.95
77576b22-82b4-4791-8a40-4a41ec9f1be1,2024-01-07 17:21:01,Kroger,38.12
d45e4fb1-7c86-4fb2-84db-91d35e19bfb2,2023-12-24 17:21:01,Costco,17.79
81b8a86c-550e-4bbe-bffe-d9eb07b3e75f,2023-12-18 17:21:01,Apple Store,73.94
9b4b0d7d-1a6d-4cc7-be5b-dc66588ac364,2024-01-06 17:21:01,Starbucks,82.83
7ca093d7-e219-4acf-9dbe-6a3c3e78967f,2023-12-26 17:21:01,Walgreens,139.16
30a62e0d-bdfa-4ce5-b126-20e0ef265ddc,2024-01-04 17:21:01,Kroger,9.21
2569bc0f-4b9f-4e9c-b171-9c4c63180295,2024-01-07 17:21:01,Amazon,49.29
adc8f1c5-3102-4c38-80c2-2d6d1de1b296,2023-12-13 17:21:01,Chevron,90.56
f441e715-0748-4ab9-aa1b-f2c2a5bc2b01,2023-12-18 17:21:01,Walmart,84.65
65520fbe-4840-4c8d-b4c2-2c447f5878f2,2023-12-13 17:21:01,Home Depot,145.26
3a0cb791-3470-4425-b3db-9e834c8e9ce4,2023-12-29 17:21:01,Costco,48.44
b7d01b12-a7f7-4f46-956f-bd9d7bfb0edc,2024-01-03 17:21:01,Best Buy,32.16
64619875-c4fa-463f-85cc-848b1b1575a7,2023-12-14 17:21:01,Target,50.29
a160099f-1d4b-4910-8e80-4fd739d69663,2023-12-13 17:21:01,Subway,108.68
71ea80b9-c03d-4681-9c09-d9fec7db6d0c,2023-12-28 17:21:01,Safeway,125.79
c0768c4e-67a2-4909-bba0-01716f3ae421,2024-01-08 17:21:01,Kroger,111.88
c461a160-e97c-449b-b6b2-3d3a31bd2fa9,2023-12-25 17:21:01,Costco,77.14
b5926d09-0a23-4754-b764-b29bad1a4146,2024-01-11 17:21:01,Target,117.12
06bd3d4f-b32e-4fd1-9d55-e5bc2406bae7,2023-12-29 17:21:01,Apple Store,120.63
f0ecd0df-987c-42b4-a6cf-6764a1970b41,2024-01-08 17:21:01,CVS,20.47
6077bca2-59be-4da6-b615-814e22a8f1e2,2023-12-23 17:21:01,Costco,78.55
3f0037e8-adb0-4f06-8be0-dea6af0cfa3d,2023-12-22 17:21:01,Walgreens,80.06
706497a2-7f71-4482-9fb2-56345eb18947,2023-12-12 17:21:01,Lowe's,108.73
dc4ab96d-b9ac-4896-b27b-3dc4f7948ca1,2024-01-06 17:21:01,Lowe's,126.5
4bcf3d51-6e71-42da-a030-552aa3934e82,2023-12-26 17:21:01,7-Eleven,3.14
c9fd1eae-0154-4800-951c-1b348b55ae0c,2023-12-16 17:21:01,Safeway,95.22
6315edb5-4410-4ec1-94ff-c0abe72edc3c,2023-12-26 17:21:01,Walgreens,138.52
9eed47e4-f411-4fd5-8254-dbbab383991f,2023-12-12 17:21:01,Microcenter,127.76
4ad52730-0c20-4bc4-bd9f-a04bef2b3cd2,2024-01-08 17:21:01,Home Depot,40.75
0e726ead-fafb-49d7-a767-e50a35d4e79d,2023-12-17 17:21:01,Subway,13.97
16543b7d-0d34-4e9d-b704-c697038400f6,2023-12-28 17:21:01,Target,142.67
010d5e24-07de-4901-9643-58cbc246c3ce,2023-12-17 17:21:01,Whole Foods,125.81
dc4710c3-8d36-4d21-8dc0-795ee11c1d16,2024-01-03 17:21:01,Best Buy,27.91
6a412a2c-8905-4d68-9cc0-cbb8f13e0de7,2023-12-12 17:21:01,Apple Store,57.24
64ec6495-66a8-4306-bae1-ffd7ff3722dc,2023-12-26 17:21:01,Trader Joe's,43.17
099dd69f-3c0f-44c3-a80b-ad44b69851f2,2024-01-10 17:21:01,Home Depot,94.3
e048fcff-f1ab-4039-958a-a5d620b1be25,2023-12-24 17:21:01,Home Depot,26.21
3ca72331-946f-4462-b6a2-89d86e2e5f9a,2024-01-05 17:21:01,CVS,46.46
2c397a91-ea73-47a6-979b-eaebfc39f6f7,2023-12-23 17:21:01,Home Depot,113.19
e6f8cc83-c93f-4722-98f2-2384eeabf941,2024-01-03 17:21:01,Safeway,135.77
88c29f3b-3e1e-4b24-b98b-2a0135b59784,2024-01-08 17:21:01,CVS,72.44
6badfc85-5156-4044-bcd8-91905f9d6085,2024-01-08 17:21:01,Microcenter,149.12
8b2059cf-b7b8-42c2-9c42-231c84693168,2023-12-29 17:21:01,Whole Foods,47.9
2b10734c-6622-4347-816d-9ffd7195eecc,2024-01-06 17:21:01,Walgreens,35.96
8a187f32-8a9d-444a-bce2-592dcb2ab239,2024-01-07 17:21:01,Home Depot,84.15
3ce1b40e-eb96-4681-86b1-a91f3d7866b2,2023-12-19 17:21:01,Safeway,17.26
b7367832-44c3-4b51-bad1-afcb1ba7b786,2024-01-07 17:21:01,Safeway,88.63
fb6a77a4-eb54-4666-a973-6c22a5309539,2023-12-29 17:21:01,Lowe's,120.98
bcbfcb95-0191-4ef0-b578-ac6e91984dac,2023-12-24 17:21:01,Costco,74.39
876faa86-3dbc-42a4-837f-16edfc7c3dc7,2024-01-01 17:21:01,Lowe's,82.6
18803d79-61e6-4a6d-a9f8-8298840e5d34,2024-01-03 17:21:01,Microcenter,83.14
978dcda2-1c9e-4bdb-9499-fcd385f0bcab,2023-12-24 17:21:01,Kroger,72.95
dd04d9af-619c-4929-8fdc-32a812e80d7a,2023-12-18 17:21:01,Subway,31.16
13458b7e-6877-4eb2-a3be-7dbf2d9ce535,2023-12-30 17:21:01,Kroger,70.2
c923699e-a03c-4c59-a133-e4159f6157c9,2023-12-26 17:21:01,Target,61.35
248e57db-3aaa-45a0-8f5f-485e6abf8530,2023-12-20 17:21:01,Costco,142.51
00e6f696-f8b4-4409-8085-b7d8c8e251a9,2023-12-29 17:21:01,Lowe's,3.39
5c789aac-875b-453f-88aa-0922443a6dca,2024-01-03 17:21:01,Target,131.38
1559d6bf-bab3-41ef-85fa-fdfe4ffb481c,2024-01-04 17:21:01,Amazon,98.95
ed931deb-8bb6-4d9b-97f1-fa6f29453164,2023-12-21 17:21:01,CVS,144.26
d601ce56-7587-468d-b33b-a10d1a45bbfe,2023-12-12 17:21:01,Costco,14.03
3d7aa20e-2544-4b23-9a8c-db62a17aca3d,2024-01-07 17:21:01,McDonald's,56.89
d29274eb-991c-464a-a2d2-8d0a5ce0b195,2023-12-26 17:21:01,Whole Foods,35.37
9123f3cd-b5ba-4080-aba5-a86f2ec17116,2023-12-20 17:21:01,Whole Foods,117.8
6aa638f7-a391-477b-9eb3-8e40037ebfd6,2023-12-27 17:21:01,McDonald's,105.51
1cc77e72-bc05-4eb1-88ab-70a8de886e0d,2023-12-23 17:21:01,Starbucks,6.33
1bad7a65-e119-4f0b-b378-4cd4bfc99956,2024-01-04 17:21:01,Starbucks,57.91
eeff7034-09de-4c09-99b9-7a71cbea5769,2023-12-12 17:21:01,Whole Foods,58.14
759792d2-3582-464f-87a6-0eaf1f02aa88,2024-01-08 17:21:01,Lowe's,39.83
e8325c61-6beb-404d-8338-f2e13116209e,2024-01-08 17:21:01,Kroger,95.22
ac9aa390-eb8e-4a48-83af-2c3c17495c96,2023-12-19 17:21:01,McDonald's,96.65
9b0145be-b492-4912-82a4-658425078273,2023-12-16 17:21:01,McDonald's,18.55
9bf9b5f5-c3aa-4e24-89c5-5282ec82e8fb,2023-12-24 17:21:01,McDonald's,85.88
fb349123-e09d-49dd-ac35-321e1acb48ae,2024-01-02 17:21:01,Walmart,110.04
fcb75205-bbe0-4b21-b34a-e5238b82bbba,2023-12-16 17:21:01,Costco,24.84
4a750012-ad41-4971-993b-2a4e0ba1d802,2024-01-03 17:21:01,Lowe's,138.95
f9b96a1d-4133-49f4-ac71-50c961ff3be2,2023-12-13 17:21:01,Subway,149.91
9c67a4e9-ffa9-495b-9cc5-f9ffb1479c38,2023-12-29 17:21:01,Home Depot,104.79
c9c6256f-216f-4e72-afe7-d1b604189436,2024-01-10 17:21:01,Apple Store,116.65
be3b96f4-bda4-4192-9443-e0fc407912e9,2023-12-25 17:21:01,Trader Joe's,144.13
965680ff-9663-4b31-ab1e-eff9685eaa75,2023-12-20 17:21:01,CVS,108.85
8ae4fb6b-ea1f-4443-8c54-0780b168b58e,2024-01-10 17:21:01,Microcenter,119.03
97f2d20d-7bdd-44ac-8583-93d05c6c8ec3,2024-01-06 17:21:01,Chevron,89.39
f2e08d95-f331-4639-8f33-a6d038a302fd,2024-01-10 17:21:01,Trader Joe's,104.32
a939e72d-209e-497e-90a4-7c77c5b46363,2024-01-07 17:21:01,Lowe's,21.41
c82d4381-2248-40fb-9c71-c5cf9fc8860e,2023-12-12 17:21:01,Trader Joe's,123.58
02237fe0-74ac-495a-aeea-09e9507e9cb2,2023-12-26 17:21:01,Walmart,94.46
781764a3-ac8c-4247-8651-eb0003fce90e,2023-12-12 17:21:01,McDonald's,83.08
9b9f2589-4bc4-4ff8-a758-9ca7a5230490,2024-01-10 17:21:01,Walgreens,26.56
3d8d8f2d-184c-4481-8239-58df18c03e9a,2023-12-26 17:21:01,Apple Store,37.09
799cdb6e-e536-4514-bb5a-feb3bb5c2e36,2023-12-12 17:21:01,7-Eleven,27.24
7feee320-4278-4509-8d7a-78400236d1d4,2024-01-01 17:21:01,Microcenter,36.57
29b494ae-1cb9-4b1f-a288-f14bf2c58423,2024-01-01 17:21:01,Best Buy,132.27
6a2face5-8a82-45c5-a434-740cedb239d3,2024-01-07 17:21:01,Target,60.93
e5bdd1c0-5890-443c-ad06-8246c8387400,2023-12-21 17:21:01,Trader Joe's,14.94
c53118cb-74ad-45aa-a404-674d652e7410,2024-01-02 17:21:01,Trader Joe's,78.34
35e3da1c-05b4-440e-ad39-31c6062b4012,2024-01-01 17:21:01,Costco,20.13
1fc9c32e-cfc7-4f71-a924-bafcda20e826,2024-01-08 17:21:01,Starbucks,121.93
64b1bfa0-8142-416f-9d57-cb5f8185b0db,2023-12-23 17:21:01,Whole Foods,78.38
b7304640-5245-442f-b353-de074c64cedd,2024-01-01 17:21:01,Best Buy,72.49
cfea2e61-a157-436d-baac-cdc63f18bd23,2024-01-03 17:21:01,Kroger,59.44
a0eb2d55-6fcc-4502-b90c-e68962ab79bb,2024-01-05 17:21:01,Walmart,75.11
7fe76713-25b1-4282-b3f4-4a53e4bc0ee8,2024-01-03 17:21:01,Safeway,1.57
abe8583e-d752-4833-b118-29d47ca30910,2023-12-27 17:21:01,Trader Joe's,51.35
3d726413-d8b1-4154-b4ed-e70672e6848a,2023-12-18 17:21:01,Costco,104.18
526dbdc8-7bd8-4f17-aa7e-3b6f5722af00,2023-12-15 17:21:01,CVS,8.08
21e2d353-8ecf-4b0b-a2c5-99a8b6f7c257,2023-12-19 17:21:01,Best Buy,137.04
c6ee0cb4-3288-4019-a7cb-61d92839694f,2023-12-28 17:21:01,McDonald's,135.44
6cd04ed5-275a-4453-88a1-e784a920dd03,2024-01-05 17:21:01,Lowe's,131.58
ebf7d9c6-802e-44fa-8502-05d66da74dec,2023-12-27 17:21:01,Whole Foods,91.3
04dc766c-e265-482b-8646-71ba1c79288e,2024-01-09 17:21:01,Walgreens,93.39
31ed496f-4124-4645-b003-e5f785478d7d,2023-12-15 17:21:01,Subway,5.1
45953a7d-4da2-4848-88b8-8020dd036b76,2023-12-14 17:21:01,Costco,18.45
ea70bd2c-8021-481b-b3a4-27ff6586abf6,2023-12-15 17:21:01,Chevron,111.27
5092c5df-f342-4191-911a-e208b5adfdd6,2024-01-09 17:21:01,Walgreens,146.33
4fe170fe-7758-46e2-96ea-0a781ac5f2ee,2023-12-17 17:21:01,7-Eleven,115.41
6e7e2dd8-2d02-44c2-bfb2-f9e400e7ee99,2023-12-17 17:21:01,Apple Store,65.31
6650e81b-2d94-4b05-b7c5-f73ddd10e4ae,2023-12-31 17:21:01,Microcenter,77.33
5ec1f33f-5daa-405c-9da4-1b10992de924,2023-12-26 17:21:01,Lowe's,40.34
1000561c-1e9e-464b-90f9-7555d3323019,2024-01-04 17:21:01,7-Eleven,93.08
9a3da24c-60f2-4d01-bf5f-c8c6159b10f2,2023-12-27 17:21:01,Costco,40.27
5b744976-421c-4116-b778-e7da3d0db95c,2024-01-08 17:21:01,Kroger,10.81
c51f86c5-d2a2-4222-a39e-743e92ad3870,2023-12-13 17:21:01,Subway,11.29
fe2b667c-7828-4f86-b88f-b74a72141242,2024-01-05 17:21:01,McDonald's,61.2
9d03d29e-a28a-486f-baf1-b0f07f779652,2023-12-31 17:21:01,Home Depot,33.79
8b70daed-d0e9-48ed-916f-13d8f23419c0,2023-12-24 17:21:01,Home Depot,133.7
a6719643-2e6b-4106-99a9-7b3d7a188312,2023-12-31 17:21:01,Starbucks,92.56
faea4100-1885-4593-9478-8a380e6bfc45,2024-01-06 17:21:01,Home Depot,40.31
268c6818-346e-4834-8c84-93b9e4945202,2023-12-13 17:21:01,Trader Joe's,64.15
6a05220e-34b9-4e7a-b2a0-649a8e87a259,2024-01-06 17:21:01,Starbucks,64.27
d599a391-823b-4499-b38d-2b75357d057f,2024-01-08 17:21:01,Microcenter,14.27
fcd993ea-9632-4caa-8a7f-a4ce4259df19,2023-12-18 17:21:01,Walgreens,59.33
d74a3b6f-cc29-433b-a113-f32ed08e78bd,2023-12-23 17:21:01,Kroger,143.56
6a445c27-41a2-4e7e-aba5-8cf088c09420,2024-01-01 17:21:01,Costco,51.46
c5b5d489-0059-4e81-bc25-8343143dc464,2024-01-06 17:21:01,Microcenter,33.07
e3be62cd-a526-409e-b5de-551ada1668d2,2023-12-23 17:21:01,Trader Joe's,101.6
ff949fad-d433-4dee-938b-7050ae29831d,2023-12-24 17:21:01,Trader Joe's,127.21
710aa418-9338-4493-979d-8506d94962d2,2023-12-12 17:21:01,Kroger,24.77
60fe99f0-d32e-4195-94c3-cadec22f9769,2023-12-17 17:21:01,Walmart,57.28
ce08b245-856e-4042-bf68-798469eedc03,2024-01-03 17:21:01,Home Depot,148.16
d9560e27-d689-450a-aa1b-3101c61d0250,2023-12-28 17:21:01,Whole Foods,106.43
fe011205-b1b1-46ad-998e-0dd2cc9ec1fe,2023-12-26 17:21:01,Apple Store,60.37
de487d04-a43a-4494-b949-02418c6e3dc4,2024-01-08 17:21:01,Costco,44.19
9facf600-81ca-4888-880b-ecc9777e0781,2023-12-27 17:21:01,Home Depot,60.29
aae3ca08-86da-445c-87b2-71dac0a35160,2023-12-25 17:21:01,Walgreens,104.42
5810b06f-086b-4a12-9b7f-a2d2041e4459,2024-01-03 17:21:01,Lowe's,149.99
3bb119a9-a5c0-44b0-8651-74b423f628bf,2023-12-16 17:21:01,Lowe's,123.34
3598c32e-822b-416c-b0c7-75e6ab6ce124,2023-12-24 17:21:01,Chevron,45.57
ba4608fd-665b-4d85-b153-bf48e5e68b0f,2023-12-12 17:21:01,Kroger,57.42
c197bcd0-0832-4043-b172-6d445be96e69,2023-12-14 17:21:01,Chevron,21.84
044ab078-d5ef-43bb-95dc-4c5802a90cdf,2023-12-27 17:21:01,CVS,85.64
f32f6632-5b66-4401-93b7-66ddc4ed8846,2023-12-18 17:21:01,Target,52.27
83718007-6861-442d-815d-bbe53d3e4e05,2024-01-05 17:21:01,Apple Store,5.89
8f6bf463-02d1-42e5-8345-4ca2202f8689,2023-12-13 17:21:01,Target,10.79
50495d70-14ee-4e7a-a9d5-a88f8f23141d,2024-01-05 17:21:01,McDonald's,110.44
7c1ff711-e5fa-46c4-b98d-26ffd21bdd1c,2023-12-19 17:21:01,Target,115.96
b7e6e64f-3373-443c-b6ff-150d015da13b,2023-12-24 17:21:01,Kroger,140.34
405eef00-1d6f-4fb9-8e2f-985256ec0a1a,2023-12-19 17:21:01,Home Depot,2.63
114cf1f4-ce26-4758-8544-6d4cf3c09cb2,2023-12-18 17:21:01,Apple Store,73.96
ad403fa0-214f-42ea-a221-b98d95d25f50,2024-01-11 17:21:01,Walmart,64.93
f8719095-4d30-41fc-b735-441e7cb6fba2,2023-12-15 17:21:01,Safeway,40.18
71463297-4b35-4183-8fe9-23d5c1d4fd83,2023-12-19 17:21:01,Safeway,58.95
c70692c5-d3c1-4b6c-8ef3-98ede53ae848,2023-12-24 17:21:01,McDonald's,27.12
edd6e7ee-3512-4af5-989e-d167f0c62129,2023-12-25 17:21:01,Safeway,84.71
352b46de-8629-4f5b-b4e4-b3e7f07d35b2,2023-12-19 17:21:01,Apple Store,146.46
17aa60c2-aa37-4d4d-8d5d-73a1c4f25b8e,2023-12-29 17:21:01,Home Depot,49.78
6a84f459-b02d-419e-b840-3e1c38b47d4e,2023-12-31 17:21:01,CVS,28.82
ed99d84d-0d60-49f1-9831-d20745520865,2023-12-23 17:21:01,7-Eleven,8.85
6695dfe4-ce91-4cb7-b8a8-1af667fa86ea,2023-12-21 17:21:01,Starbucks,51.39
5cfaf3d5-2a72-48b7-be89-b932e062e45f,2023-12-20 17:21:01,Target,20.44
c630fb2b-fa2a-486a-89fc-1d37e9e68e7a,2023-12-21 17:21:01,Apple Store,4.95
716bd87a-686f-4e3a-9b6b-77fc007144a8,2023-12-31 17:21:01,Microcenter,93.04
02b3d9d9-8ef2-4619-b926-f920a11a555d,2023-12-23 17:21:01,Walmart,119.45
1ac3d277-974c-4df9-a164-991c631246fc,2023-12-27 17:21:01,Chevron,43.37
3add38f9-37a5-4ae9-8e9d-717f16d03792,2024-01-11 17:21:01,CVS,148.61
22067136-e9df-4eba-9361-f455decb2d0f,2024-01-10 17:21:01,Home Depot,10.82
c837a3bc-02de-485e-b78c-5cf6633ee6ed,2023-12-13 17:21:01,Home Depot,110.33
11123053-a665-481e-be51-597e9f666e35,2023-12-14 17:21:01,CVS,3.22
2fff3c44-5816-457a-886a-4c292cbcc5e9,2024-01-05 17:21:01,Kroger,68.22
3e275ffe-e551-42ac-b0c4-b198d3a24d26,2023-12-13 17:21:01,Kroger,139.57
74e0f7d1-d823-402e-99ba-b7bcbedcc9dc,2023-12-18 17:21:01,McDonald's,60.12
c1b1841f-e615-46fa-8b45-7cd18e8cb043,2023-12-30 17:21:01,Walgreens,50.03
080fd812-0008-4eab-a194-a22fc170a29b,2023-12-16 17:21:01,Target,23.89
eea2362c-e203-4103-8356-d149778ca3ec,2024-01-09 17:21:01,7-Eleven,54.94
4169aa7e-57ef-4ac5-9e77-e7dfd590454f,2023-12-23 17:21:01,Trader Joe's,116.62
720f1be4-c27e-42fd-b417-fb8c642048c8,2023-12-14 17:21:01,McDonald's,87.71
fe2e3a1b-6f0e-453f-948c-71dde9738171,2023-12-28 17:21:01,Home Depot,84.76
c871c322-4dce-4512-846b-1c5a17320559,2023-12-14 17:21:01,McDonald's,98.96
bc2e778c-8f0e-4e76-b773-aad4db0725c2,2023-12-21 17:21:01,Lowe's,21.28
be63ad9d-8f7a-49d9-ac42-be9c31af6d51,2023-12-29 17:21:01,Target,7.29
c0e71974-0175-42e0-81ed-f2a6de0713b1,2023-12-21 17:21:01,Chevron,59.78
d244a4d6-4743-4b68-86b3-4ac9f6619d42,2023-12-28 17:21:01,CVS,21.9
1c3aa159-bfe0-40ae-b6c1-6b87840adaaa,2023-12-23 17:21:01,Safeway,17.4
a327d11c-836d-426c-97fd-b1b09e804756,2023-12-25 17:21:01,Best Buy,13.78
9fa315c6-71c7-4feb-962c-1fc09b54b83c,2023-12-24 17:21:01,McDonald's,38.17
bd2c56e3-1925-4eda-ad5e-34fa3e5bbfa4,2023-12-19 17:21:01,Costco,144.34
483b9e82-4b27-44ab-b27d-008ef998e48e,2023-12-14 17:21:01,Lowe's,10.11
b7a3f1cf-5a66-47f5-b1c7-a22e1ba06dbe,2023-12-22 17:21:01,7-Eleven,110.42
7c60e736-373c-42ee-ae64-1e935456a31e,2023-12-31 17:21:01,Microcenter,95.46
dac470f4-95e3-4340-adee-29d2cf61b50a,2024-01-11 17:21:01,Whole Foods,11.06
4bec0750-1dd6-4244-87c7-e03ace0fe0f7,2023-12-25 17:21:01,McDonald's,65.32
13103adc-ba9b-4eae-bbf6-efa06952bf50,2024-01-05 17:21:01,Home Depot,54.02
ccef7c24-c705-49bd-a349-73fa99e5f7b8,2023-12-16 17:21:01,Safeway,114.84
c24dcede-1615-4a54-858a-ac5027223dc9,2023-12-27 17:21:01,Kroger,43.18
360468dd-1ff8-4139-ac7e-7623aa81a604,2023-12-28 17:21:01,Apple Store,84.01
c7a2cc81-b640-4822-9136-d889f7b4bf59,2023-12-18 17:21:01,Starbucks,118.94
b7ec0c9b-1a1c-4d19-811a-32f73b8a1052,2024-01-05 17:21:01,CVS,149.87
f1a10c54-dd8e-4396-a5e8-f80aeadad0fd,2023-12-30 17:21:01,Best Buy,113.4
11b9c92e-f2d0-4949-a1e3-deb240bbd47f,2023-12-14 17:21:01,Subway,110.44
c3b33c8d-a8af-4ec0-8171-e32650e10d37,2024-01-05 17:21:01,Best Buy,37.04
a6d69a53-c69c-4952-b6ea-ebd7801e7e06,2024-01-08 17:21:01,Subway,145.2
d4a7cc7a-c46f-424d-8ba8-d8969b6a9831,2023-12-14 17:21:01,Amazon,131.86
a4452f71-83fd-4745-ac33-741e89a3c2cf,2024-01-04 17:21:01,Target,128.92
a7e65a6b-487c-49fb-a95d-cb24acd5d2c7,2023-12-25 17:21:01,Costco,139.81
e1c0f178-0917-491f-be5c-0540f9b6a0c8,2024-01-09 17:21:01,Trader Joe's,98.86
809aa0dc-fe3b-48a7-9e89-6bbae1d80c0d,2024-01-08 17:21:01,Lowe's,32.37
6b1f0e7b-8435-49c0-bcc5-c06a380b763b,2023-12-18 17:21:01,Starbucks,119.84
4d584825-64d0-4ddf-8c9b-df4247a6fb31,2024-01-11 17:21:01,Kroger,116.42
96a6661f-8e64-46b2-a4e4-1637b29e632d,2023-12-28 17:21:01,McDonald's,46.48
74ab00bb-e8d6-4f65-af8b-8da2a9783a23,2024-01-01 17:21:01,Costco,135.64
3de5c6e7-aa9e-4f81-a957-336fd4d25de2,2023-12-15 17:21:01,Home Depot,94.21
a44c2f3d-debe-4ae4-ba0e-d2cb81bf8c9f,2023-12-15 17:21:01,Costco,8.47
e4d40f4a-77c0-4542-a101-e31d5fa25600,2023-12-22 17:21:01,Microcenter,1.0
4b276bb9-ebbb-4e51-813e-486fdb0f0e33,2023-12-15 17:21:01,Walgreens,94.84
8d794bad-bb21-4770-8e7f-3efa86415dca,2023-12-19 17:21:01,Target,82.3
82c0af01-9214-4c23-922a-2cbb0ad9e6b5,2024-01-01 17:21:01,Target,40.56
8febe6e5-cc90-4363-a413-cf622d630c42,2023-12-24 17:21:01,Whole Foods,130.26
560af03a-49d2-43a4-a029-e52368be1407,2023-12-28 17:21:01,Whole Foods,33.59
30b8d6ac-952a-4791-9f06-cfac787e475f,2023-12-13 17:21:01,CVS,126.3
f73e6778-aa7c-45ec-afbb-a4402f6b31e2,2024-01-03 17:21:01,Best Buy,144.6
3015c91d-7ce7-4002-b3e0-4612fbd4e130,2023-12-17 17:21:01,Starbucks,43.64
a34c082c-5dfe-400c-92a3-557e7c240ee2,2023-12-31 17:21:01,Chevron,134.96
4764661d-0208-4621-9700-0312e1fa2f7e,2023-12-17 17:21:01,Walmart,147.99
b955448a-ed34-4429-8a18-03a4e86d9632,2023-12-14 17:21:01,7-Eleven,91.72
5083c76b-fa5e-45f7-b255-2080df60fdf5,2023-12-26 17:21:01,Trader Joe's,90.35
209f7849-5b23-49a9-9d42-4919ce6a1d70,2024-01-01 17:21:01,Subway,137.04
6058d5e9-0df6-49be-8aac-919a8f4bf008,2023-12-26 17:21:01,Target,137.25
698afcb3-5276-4b16-b3ea-35bf1c6a0c12,2023-12-30 17:21:01,CVS,43.38
17c6b0f7-79ed-4e09-a543-8e09e400c63b,2024-01-06 17:21:01,Subway,146.84
ee09dd7e-bdce-4a1e-898d-01d42dea4af0,2023-12-13 17:21:01,Home Depot,29.49
b25d9736-6796-4c7f-a213-e46ff248eb0b,2024-01-03 17:21:01,Kroger,16.99
538b5601-2a4a-4c61-973b-5d3b961c86bd,2023-12-25 17:21:01,McDonald's,104.44
3e540430-9745-43bf-a0f7-b3b2f864869b,2023-12-31 17:21:01,Walgreens,136.5
23beaf90-7a89-44b5-9e0f-0988c7c75213,2023-12-30 17:21:01,Safeway,36.49
9a22899e-ac74-4093-856d-bdabaf47fc5e,2023-12-27 17:21:01,Home Depot,123.3
d6724ed1-69ce-4706-b632-4cf6574787d4,2023-12-21 17:21:01,Home Depot,109.06
4f2acd35-c07a-4045-a12a-9af366ab0366,2023-12-22 17:21:01,7-Eleven,24.05
86893428-d8e5-44a3-928b-16c7c25ed1ac,2023-12-22 17:21:01,Kroger,74.07
e5aa241a-0427-4852-a835-c25e7330838c,2023-12-15 17:21:01,McDonald's,127.81
d9adcdeb-54de-418d-9a72-1a23f675c690,2023-12-15 17:21:01,Best Buy,13.9
d63a1ff2-cb45-458f-86b6-d603320b70a6,2023-12-12 17:21:01,Whole Foods,81.96
7755ff9a-0924-4ccc-b5e3-5097f0bdd98f,2024-01-07 17:21:01,CVS,92.05
d615b57c-c549-4d21-aaef-ec6c44bdb3c4,2024-01-07 17:21:01,Amazon,71.57
20886fb8-2355-4825-918c-8bda55aa3eb2,2023-12-27 17:21:01,Target,115.91
3ad462f2-c4fe-46ab-997f-8d7d89f7a3ad,2023-12-25 17:21:01,Chevron,33.3
5ea5dbe3-0826-4696-9a1a-fbe8347a263b,2023-12-30 17:21:01,Kroger,54.4
b40dd4b5-dc84-4e8e-9ec3-a473e1229dc8,2023-12-26 17:21:01,Walmart,107.7
9b0cdd36-5a49-4ebb-8d68-a1db67d3a1b4,2024-01-05 17:21:01,7-Eleven,110.13
51034838-ae54-46a8-8bb3-b6a513d8f92a,2023-12-17 17:21:01,Amazon,48.98
d2535364-faad-4a3a-9447-a9621ec1fb24,2023-12-25 17:21:01,Walgreens,72.34
e03cc1f8-3229-47b8-a14b-d88b436ce205,2023-12-30 17:21:01,Chevron,82.0
b104b2fd-716b-4d1a-a210-cea6c0bf6832,2024-01-03 17:21:01,Walmart,36.75
bec84c7c-6937-4164-b868-55f5955d3ffe,2023-12-18 17:21:01,CVS,141.67
a74f8da4-a299-40a4-9a89-3899ca452d20,2023-12-26 17:21:01,Walmart,9.31
be2d82b6-e761-4bd8-8c2e-bd19d9e50175,2024-01-09 17:21:01,Apple Store,109.5
7c6e4d20-b1c1-43a3-b09a-730be916237c,2023-12-14 17:21:01,Costco,17.85
fef10f9c-816e-47ae-868f-18b9805c169c,2023-12-16 17:21:01,Home Depot,137.4
4c5a07b2-ac41-46db-a593-8a5faedf9aad,2024-01-06 17:21:01,Safeway,1.53
58cceda9-da81-45a4-bbc5-c63f9ac56453,2023-12-22 17:21:01,Chevron,7.26
b0feb919-050f-414d-b9ea-64f3474e51cb,2023-12-21 17:21:01,Subway,89.88
11f10049-2fc6-4028-965e-b0c11dacfccb,2023-12-26 17:21:01,Starbucks,52.39
3b7ad475-3656-4796-bc5a-930444ccc3aa,2023-12-13 17:21:01,Walmart,116.9
33325da6-61ab-4110-a71b-2b6e055a5467,2024-01-04 17:21:01,Best Buy,98.51
d656b217-32e4-4803-ba02-472f8b19b440,2024-01-01 17:21:01,Target,107.29
49bede13-c1b7-4072-bbe8-a7e6b9ee4f24,2024-01-07 17:21:01,Chevron,77.35
1d655aed-ffa3-43b4-9462-82a3f41677d0,2023-12-25 17:21:01,Safeway,9.66
52bfa46c-b479-40f9-b8f1-64d2ebf12e97,2024-01-09 17:21:01,Walgreens,145.02
8eec8727-59dd-44aa-883d-9eb13b2dcaf8,2024-01-06 17:21:01,CVS,30.2
bc4f9475-bb37-4d0b-9281-2d2fc891e093,2023-12-16 17:21:01,Subway,52.53
e3c5028e-43ed-40eb-b344-977b7cb77280,2023-12-19 17:21:01,Trader Joe's,1.25
e3021718-97ab-4fe6-bb7d-9481120c37d6,2023-12-22 17:21:01,Kroger,81.54
11f87a78-ab18-4688-9f96-21c8024113c1,2024-01-05 17:21:01,7-Eleven,106.54
de404873-50f5-4b1c-b87d-ae0bdc7e4dc7,2024-01-01 17:21:01,Lowe's,52.83
15deeda3-6284-4f27-aac4-0c5abfc38ef2,2023-12-23 17:21:01,Costco,138.82
875a6959-cdd5-48f3-ac29-bb976a3aa99d,2024-01-10 17:21:01,Microcenter,115.89
0f20118c-b85c-4a2a-9ddd-88d3eb7c260a,2023-12-16 17:21:01,Walmart,23.8
0fc95024-d3d8-40fb-a7bf-06975e597426,2023-12-27 17:21:01,CVS,145.2
3714b912-ec19-4b05-9c1f-15fc79989052,2023-12-19 17:21:01,Starbucks,109.14
4b0a37a4-14d7-4778-9d38-ef733c21eb04,2023-12-15 17:21:01,Home Depot,35.4
54958099-08be-4008-83f2-3441e831630a,2024-01-06 17:21:01,Apple Store,40.57
3b72e79b-fc7d-4d73-8a49-50dadb84345e,2023-12-29 17:21:01,Apple Store,120.46
772fccf9-079c-4e04-a2c1-89a9aa434fcc,2023-12-19 17:21:01,Amazon,5.97
e1a23939-b792-44c6-b7ff-a537e0a04e95,2024-01-05 17:21:01,Apple Store,95.56
ae4d6ff9-bd6d-4717-b03a-2795b3384dc6,2023-12-31 17:21:01,CVS,131.39
446ae6e0-295c-41b9-88f9-7576695b51f1,2023-12-21 17:21:01,Kroger,29.04
8f401768-92d8-4859-992a-0e1975ceb910,2023-12-13 17:21:01,Subway,63.27
6bd9c646-d6e9-498a-8893-10d2bc5a9c48,2024-01-01 17:21:01,Microcenter,116.75
b48c74bc-5d23-417c-92d3-dda378b6ee5e,2023-12-17 17:21:01,Home Depot,82.5
498fb10d-6e38-4140-8748-82221bcfb599,2024-01-11 17:21:01,Safeway,29.68
25c527a6-4283-4717-8c88-ca7f0dbad347,2023-12-16 17:21:01,Chevron,43.53
3bfa3641-4d03-4885-ad4d-8f63f1920f3c,2023-12-16 17:21:01,Lowe's,8.54
999d6523-7c66-48f8-88bc-b473dd726b74,2024-01-08 17:21:01,Chevron,36.8
65389338-25b0-45cb-9d98-6898ae7448f3,2024-01-09 17:21:01,Trader Joe's,90.91
ffaff451-0452-4728-a887-cc574e9ae5f4,2023-12-25 17:21:01,Starbucks,77.38
08a02fc4-9ba7-4439-96b7-0b70a2e68884,2023-12-26 17:21:01,Walmart,18.79
4405f086-6471-4f58-8796-997f2bc095a9,2023-12-15 17:21:01,Apple Store,52.16
cdb30043-e65c-456a-bd6f-7b13b42a01fa,2023-12-23 17:21:01,Trader Joe's,98.6
2c18384a-eb24-487e-b287-c83e8f8db285,2023-12-21 17:21:01,Lowe's,42.68
107030b6-46e5-4bdc-8358-52db1995e0b9,2024-01-01 17:21:01,Whole Foods,103.4
7ee68c91-8eb3-47aa-8840-e3adc11560be,2023-12-16 17:21:01,Apple Store,121.47
a20f2e0b-8706-469f-8d01-a27e22585a2f,2023-12-18 17:21:01,Safeway,114.45
7170d6a8-ee73-429b-a8e8-aabf2ccff854,2023-12-20 17:21:01,Home Depot,131.52
40f5691a-9e8f-4833-94e1-7311c5beed0e,2023-12-14 17:21:01,Amazon,139.85
26c7942b-10de-49f7-9954-9169ed4dc312,2023-12-24 17:21:01,Safeway,42.78
ba36ed76-5688-4bd4-9e74-c9094abc871c,2023-12-27 17:21:01,Kroger,115.82
b6b51472-66d9-42da-b961-55cfe6b85b4d,2023-12-25 17:21:01,Safeway,78.26
850300ab-a0df-4217-aa6d-1c2cccb0df35,2024-01-11 17:21:01,Microcenter,110.29
c642998e-3799-4292-9133-488f6dce92d9,2023-12-20 17:21:01,Kroger,117.07
f7dad5be-a63c-4e1a-bb7b-9ff359c37e8d,2024-01-10 17:21:01,Starbucks,65.98
8da37c27-6c4c-435b-94b7-2233ee348b6f,2024-01-02 17:21:01,Kroger,145.97
fea96f3d-a0df-415d-8086-d0397eb54b34,2023-12-13 17:21:01,Lowe's,49.36
512d461c-0fc1-4a60-9238-c1c1ed2351b9,2023-12-20 17:21:01,Home Depot,108.41
251ca888-3e23-4d6b-b967-3ef1b8498428,2023-12-26 17:21:01,Walgreens,63.12
7d9a8571-a752-4003-b2ae-3d0deabaf407,2023-12-22 17:21:01,Microcenter,8.2
570ab864-5630-44fe-8bf3-b89ad51a16f9,2024-01-01 17:21:01,CVS,135.56
2b5413fc-d426-4c0b-bd1e-b812d1d8690e,2023-12-27 17:21:01,Best Buy,86.44
135e32d3-0a5d-4660-9de8-d5814a8fd89e,2023-12-25 17:21:01,Apple Store,88.53
7c42d650-ee0c-48e2-af9a-d097528ba87f,2023-12-27 17:21:01,Safeway,73.6
4dca4776-77da-416a-88bb-dbe704b6faa7,2023-12-19 17:21:01,Walgreens,80.04
38f86a33-e72e-4b1f-945e-6145ea4c81d1,2024-01-01 17:21:01,McDonald's,143.93
e36a752b-9721-4884-bb7e-c4e2cb307f40,2023-12-18 17:21:01,McDonald's,47.97
2912aa41-05c8-47c5-8a78-0c61a592564f,2024-01-06 17:21:01,7-Eleven,90.61
c0d45fc2-6afc-4fdc-afe7-6ce91e3c7995,2023-12-26 17:21:01,Amazon,93.97
ba060300-8543-413b-ad87-e7098e590968,2024-01-09 17:21:01,Kroger,70.05
d797561e-ae93-4c4e-9150-02b3e7251110,2024-01-05 17:21:01,Target,58.84
5d4d83fe-a11c-434a-bff6-43d416ec1689,2023-12-28 17:21:01,Apple Store,70.39
7577a3ab-d51f-4165-bd4a-2b6bec56da71,2023-12-18 17:21:01,Kroger,121.9
ec96c585-b5e8-4ae0-ab5a-515a8f9ac2c4,2024-01-06 17:21:01,Trader Joe's,20.81
d849e8d0-45cc-47ac-a9c2-5c8eee49e0f9,2024-01-10 17:21:01,Starbucks,2.03
688bfcf6-5b35-48a6-ab80-902291b2a134,2023-12-21 17:21:01,Target,59.95
555f80be-a2af-43cb-b242-e43cf6d79a6b,2023-12-14 17:21:01,Amazon,77.7
f49fb3e0-e3c7-4bf8-bc7e-c88c3345a459,2024-01-01 17:21:01,Trader Joe's,132.32
7bf11880-9f4e-4136-b4cc-e2b8d38e60d1,2023-12-30 17:21:01,Costco,3.88
d34517d7-163f-4df8-8c08-4d179c034deb,2024-01-03 17:21:01,Best Buy,133.19
3e1c2489-efd4-42f8-8977-3919f1556dfc,2023-12-16 17:21:01,CVS,76.31
0777d8ef-4ed2-4355-896b-b4c5846365f7,2023-12-24 17:21:01,Walmart,64.57
3a96b214-0143-48a3-aeca-3960ad243fbe,2024-01-08 17:21:01,Trader Joe's,80.12
7ee434f5-b6a2-499a-bdb6-8ec00888cbc5,2023-12-31 17:21:01,McDonald's,134.52
d5ac3660-7aa4-40e9-b0fc-7a857e71b901,2024-01-11 17:21:01,Safeway,93.09
9457e7b2-0c82-4fa8-a177-9e2eb1361944,2024-01-02 17:21:01,Trader Joe's,137.71
5e8db31a-f520-46c9-a684-d50950bf3b2e,2023-12-19 17:21:01,Lowe's,40.54
24b56007-cf58-4c05-a763-9506d8c740dd,2024-01-10 17:21:01,Best Buy,95.39
9e559c38-a360-4e39-a75f-694b3cfd6d95,2024-01-07 17:21:01,Trader Joe's,50.41
a3d30533-d2ba-498e-8597-20871332bd45,2023-12-21 17:21:01,McDonald's,103.11
d9e8b6dd-9f2f-46df-bc77-916fee1507d9,2023-12-29 17:21:01,Whole Foods,63.69
37bb69be-6c34-49a0-92ef-1db010e817a6,2023-12-24 17:21:01,Kroger,31.49
e33c5f2d-8090-4ba2-8dbd-fdb879ad96a2,2023-12-30 17:21:01,Subway,144.41
ed8e7ff3-86fc-492e-bb94-a0a4cdaeb057,2023-12-17 17:21:01,Apple Store,18.64
c70bbb59-2ac6-44b9-8d57-77bd9c385c97,2023-12-24 17:21:01,Walgreens,63.31
c65bcb29-849f-4512-938a-678c474cb7b4,2024-01-07 17:21:01,McDonald's,139.6
6a86ad18-5f66-47c9-842a-d01578bbcbde,2023-12-18 17:21:01,Subway,17.69
988093e2-af55-4c0e-b048-fb74653fce99,2024-01-06 17:21:01,Whole Foods,143.8
7013976c-9777-4078-9ce5-e9d4d5deb116,2023-12-12 17:21:01,Best Buy,143.77
7109674d-8a4f-4914-8ee5-d4f83e2746e6,2024-01-06 17:21:01,7-Eleven,124.6
51931e40-fbae-4926-9e3e-f5e5da1517ef,2024-01-02 17:21:01,7-Eleven,21.73
7c7f9480-ebb4-44af-8563-a3b1e9b454be,2024-01-04 17:21:01,Costco,49.05
ffd99b43-0de4-4d33-baa8-26962b849770,2024-01-03 17:21:01,Target,131.62
5b7acbfe-4b2b-43bb-9e39-319a82d633ed,2024-01-01 17:21:01,Whole Foods,82.47
0636a5b7-62f3-4700-b915-9b7e8f8727e6,2024-01-04 17:21:01,Microcenter,47.55
35aa6128-86cd-41e5-ad4b-0556478cec1e,2024-01-08 17:21:01,Trader Joe's,54.01
d742dbc6-b798-472b-8dac-597529ced8bf,2024-01-08 17:21:01,Amazon,143.78
883a4142-6526-4bff-898c-f1107eeaf4fa,2023-12-22 17:21:01,Apple Store,89.68
fca22c3f-134c-4a03-a10f-baec4f9d7f76,2024-01-03 17:21:01,Kroger,72.39
d45a9cc0-cabc-41a4-abcd-e80a7fc42360,2023-12-26 17:21:01,CVS,108.1
2a708f4b-1729-4101-afcd-26a1e21dd8f5,2023-12-16 17:21:01,Costco,123.06
98969ddc-4c0e-41bc-82ac-025d7ba1f107,2024-01-06 17:21:01,Whole Foods,103.0
81023cdd-597d-481b-adb9-791b0a40e4a7,2024-01-09 17:21:01,Chevron,64.42
9f6d957f-9dc9-47a1-b056-f2679e993624,2023-12-19 17:21:01,Subway,107.04
7edb91e2-9839-48e1-ad41-fa78fad5c25a,2024-01-11 17:21:01,Starbucks,14.99
54d6063c-e784-4f6c-bf86-a36bb32e13f3,2023-12-26 17:21:01,7-Eleven,103.56
1733ff51-b4f5-4b42-be7c-8a2d4e4f0a1a,2023-12-22 17:21:01,CVS,35.86
d116ac93-ff44-4b3d-8a21-b69cb05742ea,2024-01-02 17:21:01,Costco,69.75
d03508e7-596e-4736-b35d-50ca67c62bb7,2023-12-22 17:21:01,Trader Joe's,59.27
ee8a6203-6075-4f7e-b979-edf77846af80,2024-01-02 17:21:01,Best Buy,3.92
6044655e-e1d0-4af2-b539-ff03da04558d,2023-12-13 17:21:01,Whole Foods,132.11
4fd84b86-0628-4e28-a223-f53f2f78ac13,2024-01-05 17:21:01,Subway,46.85
8e6231e5-9bc1-4c20-8d3c-1eaec37a3df1,2024-01-03 17:21:01,Lowe's,99.1
63fd8c48-62d5-43d4-9fcf-e9eac1aaa256,2023-12-14 17:21:01,Kroger,35.09
776858e8-37ce-467d-8afa-cf9092fe0ad9,2023-12-22 17:21:01,7-Eleven,16.42
5679209a-d24b-43d5-b26c-d7bbdb50fc17,2024-01-05 17:21:01,Subway,65.07
8557bd28-0bba-4b27-b957-2486532e3a6a,2023-12-27 17:21:01,Home Depot,17.75
3e101480-d078-4124-9fb6-0f1f87af5055,2023-12-13 17:21:01,Chevron,97.89
5cbdda7e-fc84-4b0b-9a7c-728add103ec2,2023-12-20 17:21:01,McDonald's,78.71
ba31cfff-75e0-4038-91ff-bb30499693f0,2024-01-04 17:21:01,Whole Foods,144.08
a608eaad-b20b-47c0-8278-185300de4260,2024-01-04 17:21:01,Apple Store,35.19
26249480-2093-4fa7-85c9-7a8fce43e317,2024-01-02 17:21:01,Walmart,108.98
26381cda-fafc-433e-b729-750bf25db4f8,2023-12-23 17:21:01,7-Eleven,136.27
fe5f408d-13fd-439d-84c1-d58ec6b13139,2024-01-07 17:21:01,Kroger,21.02
15df7668-1c5a-4290-917a-17cf020311ba,2023-12-20 17:21:01,Kroger,92.76
01dec1b7-10d2-4fdc-8625-c7ea54894924,2024-01-06 17:21:01,Costco,139.96
0f151d87-0bb7-4499-84e4-bcc5f81c6a31,2024-01-08 17:21:01,CVS,21.09
6b347273-7b65-4231-bdcb-51164fca004b,2024-01-01 17:21:01,Lowe's,3.48
729429e1-ca93-44f9-ac4a-0caeb6dc545b,2024-01-08 17:21:01,CVS,8.37
de08f132-d635-460c-bf5f-e683faf77012,2023-12-23 17:21:01,Chevron,84.73
fbdac4f3-b349-4b82-b71d-afa3e02fa37a,2024-01-01 17:21:01,Whole Foods,13.89
021a9123-d233-43f7-a3cb-89f7e71a45f2,2024-01-08 17:21:01,Safeway,124.5
c513428e-fdce-4149-816c-11cad4cb6114,2023-12-18 17:21:01,Microcenter,113.11
19db1463-2d4e-46e5-a5ca-fa51824bbee0,2024-01-01 17:21:01,Kroger,67.82
892ffa2c-3b91-4e5e-9c6c-c3f90c54a27a,2024-01-08 17:21:01,Whole Foods,29.45
63740e8c-da75-4b44-b92a-638ea472deba,2023-12-28 17:21:01,Target,8.82
0b3f96a9-4eca-4591-b2f5-1f54636bda3e,2023-12-12 17:21:01,Costco,121.48
40b2aca2-f0a6-4552-bb1f-73e5487ca226,2024-01-03 17:21:01,Safeway,86.13
c5a651f2-0d6f-4cc1-9087-259aa5d1da53,2023-12-29 17:21:01,Kroger,141.64
de2733d1-34ad-45da-9ca4-dc42e098453d,2023-12-13 17:21:01,Chevron,125.59
4d18ff6e-e386-432b-9cc9-715f0a562d58,2024-01-04 17:21:01,Walgreens,67.43
dd1d9165-40b5-47b0-b701-8a6aa7809796,2024-01-08 17:21:01,Subway,144.24
1ca9d42a-56ee-4cf4-bda3-37b3a6c87fd2,2023-12-13 17:21:01,Walmart,132.9
3fa2d153-70d1-4cf4-90dc-8c8efab0a69f,2024-01-01 17:21:01,Best Buy,103.39
456dbe01-f391-460d-a275-6f66bab19c3b,2023-12-26 17:21:01,7-Eleven,108.46
2326f52f-661b-4159-bcf7-f440f6325bd3,2023-12-21 17:21:01,Walmart,139.93
e27457f6-dd23-402d-917f-89a263e9db27,2023-12-14 17:21:01,Whole Foods,135.74
96df1cd5-0f32-487a-a3c3-f064f90a6e01,2024-01-08 17:21:01,Chevron,51.82
2168826f-3372-4131-aaf3-52c9d44ce524,2023-12-15 17:21:01,Best Buy,8.97
d221457e-9fad-4570-a89b-8ae1ef0d495f,2023-12-13 17:21:01,7-Eleven,24.05
e169fae0-0e62-4371-bb57-e21408839acf,2023-12-23 17:21:01,7-Eleven,106.51
f520c828-e61c-4b39-a0de-77967cbd18ed,2023-12-23 17:21:01,Home Depot,28.72
5cf99de1-2660-4a40-a77e-69e356b246bb,2023-12-19 17:21:01,McDonald's,87.7
2ec937e3-3c9f-4937-903a-165d6c43112e,2023-12-22 17:21:01,Whole Foods,116.31
9dbda701-f850-4a85-80c3-bdbb836ab036,2024-01-05 17:21:01,Starbucks,93.2
0cf74cd3-2a4a-4d2e-bec0-1a53d1684cc5,2023-12-16 17:21:01,Starbucks,118.3
d98cb616-b60e-47cd-bffd-7a8ef667b107,2023-12-24 17:21:01,Subway,24.73
cf16844c-0688-41f0-9d11-84d66218c41e,2023-12-22 17:21:01,Safeway,149.41
faaa1fc8-614b-4b78-a285-49931ed21b2c,2023-12-17 17:21:01,Costco,136.68
b32b8e4c-a346-4763-b477-554a22302ba7,2023-12-20 17:21:01,Apple Store,111.49
50d5dd04-a8c1-4ef7-9799-6a3a676eb853,2023-12-23 17:21:01,Best Buy,59.77
4d54b148-353a-48f2-811f-6bae251280cb,2024-01-03 17:21:01,Kroger,49.19
8d559397-5934-4365-8fbf-86e023c29e40,2023-12-18 17:21:01,Subway,77.16
663307ba-97bf-4b65-8e70-5fc29fb1e634,2023-12-15 17:21:01,Kroger,24.89
0e1cbdc2-91ca-4ed0-9b0c-603ef965f3c7,2024-01-07 17:21:01,Walgreens,75.92
bf9c11c1-5662-44be-9097-3004d35fb25b,2023-12-15 17:21:01,Trader Joe's,90.19
16bbe64c-7e00-4a07-b585-574b62a9e7c2,2024-01-06 17:21:01,Safeway,49.04
c3bf83bf-a5db-4437-a600-a636b8d7b71d,2023-12-12 17:21:01,Chevron,132.02
1a33f927-d0bd-4f84-869e-684ab60c3728,2023-12-15 17:21:01,Apple Store,36.86
e8311af0-4f6f-4cd7-a464-b60260ab7709,2023-12-12 17:21:01,Apple Store,137.78
7b17d46c-64b2-4574-ac2f-fb1ccad65713,2024-01-03 17:21:01,Amazon,53.82
a0b0a2f8-a0c8-4dd0-98c2-d6cb01729600,2024-01-07 17:21:01,Best Buy,63.34
c59ef0cc-4213-4f20-81e0-a3b91b379341,2024-01-04 17:21:01,Target,101.2
ee7189f4-887a-45a1-a093-5489e3e33a88,2023-12-28 17:21:01,Safeway,146.64
b394ffa4-6160-4f68-8a14-9e3e92ee2cfa,2023-12-28 17:21:01,7-Eleven,105.13
10bcde05-ffda-4d33-8e0e-05e778c289a4,2024-01-05 17:21:01,Amazon,102.57
0e9822ab-aa27-4db3-ae06-d035ee7a6d99,2023-12-14 17:21:01,CVS,98.2
9198b7bc-6688-4107-b23c-a20920f4789e,2024-01-01 17:21:01,Trader Joe's,25.36
08fe7c41-5c81-4447-9d73-7da11594bb3f,2023-12-23 17:21:01,Target,42.05
00f0e205-a1af-4fd9-97ee-0ab34e712204,2024-01-10 17:21:01,McDonald's,49.08
210cb259-239f-42ec-8420-42072806ade4,2023-12-29 17:21:01,Best Buy,89.45
201f9f4d-5c03-4cc0-9e21-89a279debdf8,2023-12-24 17:21:01,Best Buy,6.04
ec5f2fda-69ae-4e18-b0e5-bd79caa68074,2024-01-11 17:21:01,Subway,106.58
9af8d15d-8a93-4864-b4e9-560d829ba527,2023-12-29 17:21:01,Apple Store,23.26
40de9c0a-1626-4804-93d2-dde4b278e84e,2023-12-26 17:21:01,Target,58.05
6557a727-19d7-4d79-b8a1-fe42c3c84670,2023-12-12 17:21:01,Target,39.81
0a9e15e2-adc7-4927-8557-8f1f2a88c92f,2024-01-03 17:21:01,Walmart,74.47
b1325efa-674b-4701-899f-c53be038c7b0,2024-01-02 17:21:01,Apple Store,71.73
518d40e9-ce1f-4bcb-9aaf-fd8be1283d0e,2023-12-22 17:21:01,Walgreens,61.19
be838cb4-e085-4ec7-9055-da5811ca10e8,2024-01-05 17:21:01,Target,70.35
d17a255d-ad77-49eb-8d2d-e51b518aa2d2,2023-12-25 17:21:01,McDonald's,74.06
5eee3f25-66e5-4fca-a4b2-a886577d8592,2023-12-15 17:21:01,Walmart,108.3
7ac15cca-72a5-494d-81d9-e04d662b8e55,2024-01-02 17:21:01,Home Depot,123.72
61b01c15-4945-4a61-adee-39e7e06f8cb7,2024-01-11 17:21:01,Kroger,105.08
4d960eb2-3a5c-4dbb-8480-acb72c1c4caa,2023-12-31 17:21:01,Home Depot,121.4
ba22600a-5c33-4b18-a0de-4a965c44f875,2023-12-12 17:21:01,Walgreens,72.08
4c439541-7442-41cd-af73-b9112d7dec34,2023-12-19 17:21:01,Best Buy,138.29
edff3780-585d-4872-bba6-6bd39b08273a,2023-12-14 17:21:01,Best Buy,24.21
68cd69c3-f8e7-45db-9767-b483ea87e239,2023-12-23 17:21:01,Starbucks,3.7
4b1899ea-f60b-4538-9fa9-0f6db4ceff6d,2024-01-03 17:21:01,McDonald's,115.02
0205c1a9-20da-42d2-9696-98fd26297f6f,2023-12-24 17:21:01,McDonald's,102.17
146007fa-6679-4c4e-bd0e-0e8db4dc2f8c,2023-12-15 17:21:01,Best Buy,102.38
a6d3b252-d784-45cb-964a-a017fceb56dd,2023-12-23 17:21:01,CVS,102.42
0abdce10-8fc2-4834-a7ef-e6224aa329ab,2023-12-12 17:21:01,Home Depot,83.92
7ad96402-e33e-4db7-a860-efaa7ebed7a0,2023-12-21 17:21:01,Kroger,43.14
cd508ea3-0ebb-4057-a1c6-6e8d19d71400,2024-01-10 17:21:01,Walmart,131.71
1e657300-9b83-4fe6-adcb-49f908049c5f,2023-12-26 17:21:01,Whole Foods,87.55
ae17dc1c-8bba-4146-b69b-3c5381bf7cb2,2024-01-11 17:21:01,Best Buy,120.9
62bb1c02-0025-4722-9648-feb0e186021d,2023-12-18 17:21:01,Walgreens,135.29
830885fc-d8f7-4d47-9c97-86cc1c3f8a28,2023-12-13 17:21:01,Trader Joe's,25.66
5768dd06-1462-4eed-9faf-6203248549bf,2024-01-11 17:21:01,Walmart,103.43
db74fb28-13fa-4548-806b-e70ff6910520,2023-12-21 17:21:01,Subway,86.95
cd314ac6-9478-470a-830e-54d260cc3c02,2024-01-05 17:21:01,Microcenter,21.22
faae5dbf-0d43-48bc-b044-fd3430b35610,2023-12-29 17:21:01,Walgreens,5.41
35f33b7c-980a-4a11-a485-ead96a8ef49e,2023-12-18 17:21:01,Lowe's,120.5
eeaf42d8-d1e6-4eec-b388-2f35bbb7ab25,2023-12-24 17:21:01,Best Buy,95.27
190b2647-e1b9-4844-b37c-7f8082a3b119,2023-12-12 17:21:01,Trader Joe's,34.41
e998e9f3-a523-4f5f-ad06-b561b371db5c,2023-12-19 17:21:01,CVS,103.05
7f6a77e2-53dc-4550-9649-42df9b3d3fe6,2023-12-15 17:21:01,Walgreens,137.09
1103edeb-0554-4ec7-b51f-11d00817799a,2023-12-27 17:21:01,Trader Joe's,110.83
f0b4640e-5276-492e-916c-a1527f857bc0,2024-01-10 17:21:01,Target,33.0
993f17d1-26a7-4183-867f-120b5971e770,2023-12-29 17:21:01,Starbucks,96.88
c1a7f31e-408f-49d5-b136-9e746a78b7aa,2024-01-07 17:21:01,Safeway,49.32
b60108a0-99af-455f-83f2-042fea8a829a,2023-12-14 17:21:01,Chevron,43.49
50308b2d-e8ab-4fbe-8c3f-86aa80fd1c9b,2023-12-16 17:21:01,Chevron,95.96
09f5e448-78c8-4d94-a297-86cb09c4d0f8,2024-01-06 17:21:01,Chevron,34.75
45d6e1a9-9e46-4ba9-a47b-5c26a132f12d,2024-01-07 17:21:01,Target,17.14
0bfe876d-197d-41f4-9733-dd71c958324b,2023-12-30 17:21:01,Lowe's,102.53
216915ab-ff49-4e96-a538-5b621c859411,2023-12-30 17:21:01,CVS,54.96
5d380228-9de1-4daa-99b6-3a069b5d6ffd,2024-01-06 17:21:01,Walgreens,27.51
ae043377-3796-4bba-b41b-eb2711fc3f97,2023-12-18 17:21:01,7-Eleven,91.97
a3de5a02-c08b-4323-88f7-9e696f7ee7e8,2023-12-17 17:21:01,Subway,118.31
5dc49e03-8072-4129-a698-19e9c1501d47,2024-01-08 17:21:01,Chevron,117.98
e26430ba-4498-4bdc-ac8c-e908fafba9bb,2024-01-03 17:21:01,Trader Joe's,94.59
e405876c-d131-412d-b5c9-db96605782e0,2023-12-16 17:21:01,Microcenter,114.35
4e612465-7fe0-48a1-814b-5009d5bfc5c6,2024-01-05 17:21:01,Amazon,141.04
7e3d483e-a762-4346-989c-d74352d04d07,2024-01-01 17:21:01,Trader Joe's,146.58
398fd2c8-79ea-4e70-94af-0132b0e29bb3,2024-01-07 17:21:01,Starbucks,53.75
960c81fd-9194-43db-a868-785673e9bfa4,2024-01-04 17:21:01,Microcenter,59.97
787ec044-b622-4640-8edb-86d2173721d6,2023-12-21 17:21:01,McDonald's,17.84
2562e9fc-b107-4ccb-a1c6-eef7241ddb78,2024-01-11 17:21:01,Amazon,141.64
2c68435a-737b-4fc4-8cf2-f7a632a78186,2023-12-17 17:21:01,Apple Store,89.95
304b5701-5fee-4e8a-95c8-a980f51272cd,2023-12-31 17:21:01,Whole Foods,13.54
9d77f41a-beba-46c1-88f0-de76e85a5c93,2023-12-22 17:21:01,Kroger,113.05
3a5534ef-c610-4440-9660-f905227d1819,2023-12-24 17:21:01,Safeway,113.63
6888ae9f-44d7-48cf-b253-8daddff45496,2023-12-25 17:21:01,McDonald's,59.77
1c514ca4-2f2a-4cac-abaa-595b48f5bf3f,2024-01-04 17:21:01,Kroger,86.03
45d2fa29-d021-411a-bdd1-d43188ef6d4e,2024-01-02 17:21:01,Walmart,139.37
bf3d19ba-fb27-4c74-a299-95511a35f9d5,2023-12-15 17:21:01,Amazon,100.21
43f06feb-5b08-48e9-a91d-0a821cd42ec2,2023-12-20 17:21:01,Amazon,122.6
fc6b29f7-7352-4e33-bd45-190602706252,2023-12-15 17:21:01,CVS,115.21
9ee63fa5-1daf-43ac-bd5f-51110b068ef4,2023-12-21 17:21:01,Walgreens,12.82
491ca082-4ecb-40d2-afdf-a6ede07fcc5b,2023-12-28 17:21:01,Kroger,133.29
48dca998-ee8c-4d06-ac8e-892cabfe1d4a,2024-01-10 17:21:01,Starbucks,76.68
e455d3c8-8b2f-4da3-b25a-b3608a9d24df,2023-12-30 17:21:01,Starbucks,31.38
8b339ece-c19b-4d95-8c32-f1c9389a63ef,2023-12-14 17:21:01,7-Eleven,1.14
a22fef6b-02f4-4279-928d-7a99d0e653ee,2023-12-13 17:21:01,Target,96.33
2895e900-a2c7-44a0-b946-9d93f81d96a9,2024-01-06 17:21:01,Chevron,28.61
80e8b2e3-22c4-47dc-83d7-7f4d1bef66a1,2023-12-30 17:21:01,Apple Store,18.89
6bd8215d-2dae-4d84-87f8-16f0e164fbf9,2023-12-14 17:21:01,Target,23.94
24b48265-5866-4fda-b4ea-ad2c57bfc08a,2024-01-03 17:21:01,Apple Store,16.46
87a2b2f0-ab08-4fd2-8040-2a3704f29ea4,2024-01-04 17:21:01,McDonald's,79.3
2695143b-e8d4-4e98-97ef-836add307442,2023-12-30 17:21:01,Trader Joe's,38.87
1d5cc9a5-1e0d-4ea3-9845-f0e5f33a16ca,2023-12-26 17:21:01,CVS,90.49
0fa96eac-0670-4343-b64c-04a867c5d925,2023-12-16 17:21:01,Walgreens,125.54
2063e3b2-ab6a-4d75-b3e2-0ab24a189d0d,2023-12-29 17:21:01,Walgreens,118.82
7b613ad3-3eed-4bc9-97dd-7d0cc6242107,2023-12-20 17:21:01,Kroger,87.07
70f1c35c-2015-4413-bc15-613762dd4ef9,2024-01-05 17:21:01,Safeway,67.38
5e6d2086-5e28-4c72-9298-0aa5892942b8,2023-12-22 17:21:01,Kroger,24.25
dda7f736-c0c9-4971-92f4-ce1ed171e699,2024-01-05 17:21:01,Subway,139.52
2a75a2ab-c288-465d-9c03-8f58015ffc31,2023-12-29 17:21:01,Best Buy,102.03
d248d56a-761e-4396-a35b-faad48b1aa9a,2023-12-30 17:21:01,Apple Store,29.95
3210aa47-1989-4b85-80cd-f52007671fcc,2023-12-12 17:21:01,Walmart,51.6
582d666c-cf26-45d5-a309-9d9148d8c934,2023-12-31 17:21:01,Subway,37.1
9975d09c-dd09-4d4c-9ecb-2d7ae8352475,2023-12-15 17:21:01,Whole Foods,136.13
7c764cdc-fb3f-4b60-b2ee-9bcf99c14bd0,2023-12-25 17:21:01,Kroger,11.81
05bd5ee7-2b52-4e8b-beed-8ac26b8a76bb,2023-12-20 17:21:01,Costco,71.68
255b8dd2-5deb-4bc1-b7b4-674fdda838d3,2023-12-26 17:21:01,Walmart,72.5
7bcf5515-43d8-4ab4-a1cb-ecb87261d599,2023-12-20 17:21:01,Kroger,49.99
4ed55279-a0f6-437e-b94a-3b72cc1a63b3,2023-12-15 17:21:01,Trader Joe's,30.78
3a00c09b-adba-4d73-9795-1feef61ace2d,2024-01-11 17:21:01,CVS,64.72
7457bf1a-8689-435d-825f-41070cc41c58,2024-01-03 17:21:01,Safeway,147.9
7bfee1d7-0737-4265-a451-6b47308cbaa6,2023-12-17 17:21:01,Apple Store,81.18
a442de68-1af4-4956-baf1-febe50c87108,2023-12-27 17:21:01,Lowe's,64.47
b1672307-8b0a-46ad-a12b-e627eaf0f19c,2023-12-24 17:21:01,Starbucks,28.6
c558b2c3-76c0-49dc-aeeb-301add6add31,2023-12-30 17:21:01,Subway,109.22
09f3df02-e6c3-4ae0-904e-1fac3788fff9,2023-12-16 17:21:01,Apple Store,53.15
9f9f4c73-081c-4af1-b18f-9d120254ddc1,2024-01-06 17:21:01,Whole Foods,97.22
575cc7b0-6288-4144-9f3d-d457c045035b,2023-12-22 17:21:01,CVS,63.74
db29fa80-aa9e-4bff-82d2-b8101dfa233e,2023-12-24 17:21:01,Microcenter,94.86
4cc5c4c2-1b5b-40f8-bc48-c50fb1fad53a,2024-01-06 17:21:01,Starbucks,117.95
df3a4e28-456b-4762-b53f-a697f5201590,2023-12-14 17:21:01,Subway,77.19
6169f42e-15b7-45dc-9aee-012897fdedc8,2024-01-10 17:21:01,Home Depot,7.81
1c24a807-aa2f-4574-8087-b96f2431ccdd,2023-12-27 17:21:01,CVS,47.55
c3b118d2-7eaa-489a-ac30-702e5d0a7537,2023-12-17 17:21:01,McDonald's,16.16
005918a1-a38e-407c-b698-18c5e67b322b,2023-12-29 17:21:01,Best Buy,53.43
1f26cf2b-62f1-4071-a687-261d8a51b017,2024-01-01 17:21:01,Walmart,101.25
81692531-7f7a-462a-93c0-ce77a77e7dd3,2024-01-08 17:21:01,Chevron,19.75
b109f9c4-5e0a-491c-8762-539e23d7533c,2024-01-04 17:21:01,McDonald's,17.86
52e40942-c54d-425e-8024-5605e0f7ea41,2023-12-20 17:21:01,Lowe's,50.96
d66e2b99-164e-4ce5-9959-e9d7bedf2cdb,2024-01-06 17:21:01,Lowe's,44.38
68ee6b90-8deb-4df6-970a-6cdec26daaff,2023-12-27 17:21:01,Microcenter,31.89
6cb1cae3-a789-41e0-94d1-42b865ee9c97,2023-12-22 17:21:01,Subway,115.24
18bd1c0b-e8e1-4e34-9306-fe5ed7d7b6b5,2023-12-30 17:21:01,Lowe's,1.53
f4dc47da-45ed-4c8a-b860-4cd63e934c00,2023-12-16 17:21:01,7-Eleven,35.56
6bca54f1-737e-40a8-aec5-b2650dd20de6,2023-12-29 17:21:01,Lowe's,26.53
e9a001a1-5b36-42b7-a0c9-bc4392acded4,2023-12-16 17:21:01,Starbucks,31.21
9f30dc31-d46c-45b2-ba8b-ac544200e3d6,2023-12-31 17:21:01,Walmart,46.52
98f0a557-488b-4965-99d0-89a4ff548eb9,2024-01-04 17:21:01,Starbucks,38.09
ff5f74b4-f8dc-4107-93b3-ad7ed3c5c9c7,2023-12-21 17:21:01,Safeway,145.03
d864898e-f3e0-4297-9e48-d8add5d8c286,2024-01-11 17:21:01,Apple Store,35.73
ed6ab6e5-e1ee-44f8-b135-92918c63e28e,2023-12-25 17:21:01,Lowe's,4.07
64bc6882-a9a1-4719-b3cb-12cde255eb22,2023-12-16 17:21:01,Lowe's,37.25
946f15b0-926e-472a-88d2-d899367d91e4,2023-12-16 17:21:01,Costco,119.71
8ebf9f8f-c798-44a2-b674-8b87c0ab89cc,2024-01-02 17:21:01,Walgreens,36.45
6baa9f72-5846-44f0-868d-d4ef3eace3d1,2023-12-14 17:21:01,Lowe's,95.22
08fdeada-ae17-462f-ba83-8c4962f7c289,2023-12-30 17:21:01,Home Depot,33.99
8681ad68-3e62-4207-be08-6100f434cfc3,2023-12-28 17:21:01,Walgreens,39.25
96ac7a94-b469-46d5-b922-1a78d830d3cd,2024-01-01 17:21:01,Costco,81.08
9282b827-c968-49bc-8df5-eab03d6b5ce9,2023-12-18 17:21:01,McDonald's,84.57
20462372-4ff0-4732-b959-f0b3cdce83f0,2023-12-27 17:21:01,Chevron,22.36
e1f1183a-22ac-4652-839a-11b5b661e657,2024-01-05 17:21:01,Home Depot,2.97
9cbcb55c-ffcf-4ebc-9987-eeeb8624f4af,2023-12-24 17:21:01,McDonald's,87.48
364ed900-6967-4661-80a1-826848d80f03,2023-12-23 17:21:01,Whole Foods,28.47
3b3a2d0b-6c44-421b-9892-bfe6e52f190e,2023-12-21 17:21:01,Safeway,3.88
c378ba2c-e53b-43a1-9fc4-463bf6688203,2023-12-17 17:21:01,Best Buy,48.69
e3d2f402-adc1-4f37-8261-3e1856e0419c,2024-01-07 17:21:01,Walgreens,49.0
7a3d8f76-df0d-4647-a89f-3425937c7a47,2024-01-03 17:21:01,Kroger,14.39
c457c211-0a03-4ab0-bc74-231155bb4a50,2024-01-10 17:21:01,Subway,9.67
91b68ba7-626a-4b2c-8d14-0b181e25db00,2023-12-18 17:21:01,Amazon,90.88
c4ac27a9-42ae-4059-997e-2cef1d450847,2023-12-20 17:21:01,Safeway,124.26
b96b0d52-0847-4978-b984-15c38c9b78c8,2023-12-31 17:21:01,Kroger,141.9
092cc92f-da0c-4e71-91a8-db2511401e1d,2023-12-14 17:21:01,Home Depot,25.12
ae91c334-8ff0-4efd-ac02-7e4f7ba296a3,2023-12-19 17:21:01,Starbucks,132.21
97bb3957-1e4e-444a-8f48-e4a1e305b2ea,2023-12-26 17:21:01,Walgreens,88.01
cd4ecd3a-0f8f-46e0-bf83-32e1340dae45,2023-12-27 17:21:01,Best Buy,55.67
0c76580e-26db-4ae7-91f2-ca6243d24bfb,2023-12-26 17:21:01,Subway,108.89
9aeda8f8-2ddb-4f36-a575-0e1eeff83a30,2023-12-28 17:21:01,CVS,104.81
909dda5a-4608-4033-8c2c-cbd74518d5a5,2023-12-16 17:21:01,Kroger,145.9
eb05cff9-8b60-4bd2-8895-8b3c51ebfc54,2023-12-28 17:21:01,Target,140.72
d0d2d5a4-9122-4945-a890-3dbfbce179df,2023-12-18 17:21:01,Apple Store,143.6
73f7447d-8341-42b5-8e21-15d2c76f953f,2023-12-16 17:21:01,CVS,115.34
9819c3e4-6e56-4f4f-99b0-895706ccf754,2024-01-07 17:21:01,Home Depot,61.07
788d9885-6bd7-421e-80fc-d10f722ec234,2023-12-12 17:21:01,Lowe's,55.27
2edfd627-8d72-4947-9a85-099424bb277c,2024-01-10 17:21:01,Chevron,15.87
3459b850-ac78-49bb-a523-1cca993f29ab,2023-12-13 17:21:01,Apple Store,2.93
830f518f-a953-4b2a-996d-481b2596124c,2023-12-20 17:21:01,Apple Store,45.38
f5a7569c-aaec-4dca-9de8-b1fc85482346,2023-12-18 17:21:01,Starbucks,113.04
0cca63eb-a643-4510-acd2-fade488f17e0,2024-01-06 17:21:01,Costco,112.5
78d92cde-8c26-48d2-b5be-03774c8d0e2a,2024-01-08 17:21:01,McDonald's,116.29
a9b437f0-881f-4fb2-9ab7-1be745894191,2023-12-18 17:21:01,Amazon,80.73
9705c8f5-693c-468b-b012-c0ee312a87a8,2023-12-19 17:21:01,CVS,115.98
6edfe8d3-81a2-4c91-8778-3f0538f8caca,2023-12-17 17:21:01,Lowe's,122.76
3d00a997-4f60-4c3f-ae2f-0e1211f9a52c,2024-01-01 17:21:01,Safeway,29.06
34ee6422-4056-4778-bb82-61d9c5700d82,2023-12-31 17:21:01,Kroger,58.24
92ff749e-695f-4e00-a793-259aa092d486,2023-12-14 17:21:01,Amazon,60.43
c6fd6468-3ea4-42ba-8ddc-e68a413479a4,2023-12-29 17:21:01,CVS,108.68
19fc7313-34bd-4e71-baa6-fa8b46341156,2024-01-02 17:21:01,Home Depot,72.44
de2c7294-9955-4791-bf6c-476f87719abc,2023-12-26 17:21:01,Microcenter,3.29
c7d615df-19fc-4249-b8c6-74c43e585b5d,2024-01-11 17:21:01,Trader Joe's,138.2
16da9f19-dd8a-4f21-8a2c-5184f0b405e6,2023-12-26 17:21:01,Whole Foods,118.63
e275e1f3-1419-4066-9629-dfb7f005cf6e,2024-01-09 17:21:01,Safeway,33.73
a420ccae-1d9d-4f30-8620-88d8d4fef8c5,2023-12-30 17:21:01,Starbucks,53.55
35f4e5ca-b305-40af-a411-332357fe151e,2023-12-13 17:21:01,Amazon,11.0
329b6e08-a955-491a-ab9c-7c9c2c314b32,2023-12-21 17:21:01,Trader Joe's,119.75
fd09c201-c2c3-475f-9678-1f3490cb3ea4,2023-12-27 17:21:01,Starbucks,67.74
ee1621a0-7973-48b9-8bb5-4926b123f298,2024-01-09 17:21:01,McDonald's,138.0
3a4cf504-ee85-4dec-a312-767de8b89739,2024-01-07 17:21:01,Home Depot,128.52
dba7c1ad-a93f-4afd-9577-e379c9b93d95,2023-12-26 17:21:01,Home Depot,18.57
b1177244-1246-4e9a-91d3-d61132748ad3,2024-01-05 17:21:01,Safeway,59.84
00a8eb79-fe79-4be2-b17e-71a7d9864e56,2023-12-29 17:21:01,Walgreens,144.51
7e411c13-2cb0-49d7-9b34-fc5ee6496e8d,2024-01-05 17:21:01,Lowe's,31.7
f51efb77-e5b0-4681-8bcb-f7384384af78,2023-12-16 17:21:01,Kroger,143.8
f64c4163-3ea4-4a33-a0b5-aeae060fde65,2023-12-18 17:21:01,McDonald's,72.66
a40e0ce0-3891-410d-81b3-4f371806bc70,2024-01-07 17:21:01,Subway,82.47
19b07710-8124-49e6-9345-25e48aa7dcd7,2023-12-17 17:21:01,Target,17.28
414455ec-a670-405e-ad18-9190257bc87d,2023-12-12 17:21:01,Best Buy,120.62
1984b6c5-c9ac-485b-bcc2-13b2059fbf93,2023-12-25 17:21:01,Whole Foods,44.06
6e3447d1-cb66-4aec-a4d6-01f048fa8152,2023-12-23 17:21:01,Starbucks,11.85
bb2aae06-4fa7-4248-a79a-c7c998e1f8b2,2023-12-27 17:21:01,Best Buy,100.39
cf607781-969a-45e5-8071-ddcec5e8a241,2024-01-10 17:21:01,McDonald's,16.34
41d2d487-c2af-4fdf-b06c-3ce1dd16d613,2023-12-28 17:21:01,Walmart,149.22
5facce4f-fdf9-447c-8340-6490eb61c99b,2023-12-26 17:21:01,Costco,53.2
e26de54a-59ee-4559-b2a4-f23c10c54012,2023-12-25 17:21:01,Lowe's,98.22
dbb9e8c1-f228-4664-8561-047985c9e277,2023-12-19 17:21:01,Best Buy,127.39
5ed56a7e-810b-4049-9a70-e76960cdc004,2024-01-05 17:21:01,Lowe's,18.66
49a52564-a85e-4fd8-8a8c-14a8cceaf9ae,2023-12-17 17:21:01,McDonald's,8.95
fb3b5773-ef15-482e-91fd-0cc238247321,2023-12-13 17:21:01,7-Eleven,98.2
68b5b5ba-dad9-4d89-bc9e-6e22ee86e896,2023-12-28 17:21:01,Chevron,64.47
263c5cd1-a96a-4a2a-a319-3092b2cae50f,2023-12-20 17:21:01,Chevron,95.78
43b6f5d2-434a-452e-a2dc-ee7570bc2043,2023-12-31 17:21:01,McDonald's,10.91
47a5270f-f15c-4e63-a25a-a7c362a3b1c1,2023-12-17 17:21:01,Trader Joe's,76.89
aa642c48-2fd2-4fb9-bcef-09421c075dae,2024-01-04 17:21:01,CVS,86.49
2d581ad2-af51-4fa1-bdd3-04ada2fbf6e9,2023-12-12 17:21:01,Trader Joe's,53.46
f2bf9ffd-7d69-4a84-b7dc-56c18f7fd777,2023-12-27 17:21:01,Amazon,35.95
e565624c-8702-4646-a5fa-30f2f1afbc6d,2023-12-30 17:21:01,Walgreens,96.62
7422a905-33b3-417b-a5ba-991b66aaf362,2024-01-07 17:21:01,Lowe's,6.73
15ff900b-8fc7-4ad0-9a1f-762c12e89386,2023-12-25 17:21:01,Walgreens,128.27
012a82e4-30dc-40f6-b258-da53d0352962,2023-12-31 17:21:01,Walgreens,78.51
1d1a81de-f95e-4e37-9b96-8f4e6e11976a,2024-01-08 17:21:01,Trader Joe's,127.51
b4058a2a-9728-4ac9-9d9e-2af4f6d8aa79,2023-12-15 17:21:01,Home Depot,109.66
a574bd3b-7104-46c0-b80e-6eab4619b722,2023-12-27 17:21:01,Trader Joe's,146.07
4565c0fb-ce21-4ee1-a221-73d2d285bf90,2023-12-14 17:21:01,Best Buy,72.76
d480d323-d9ce-4a5c-b331-59c866c09bb5,2023-12-21 17:21:01,Amazon,48.03
b818b910-8222-4dfe-b22e-416dcbc0fab3,2023-12-27 17:21:01,Kroger,97.14
cc565dce-d1a7-4f89-9b49-41cd0a7e027d,2023-12-31 17:21:01,Kroger,71.02
59d60ab2-6f09-4624-b448-d082ab986225,2023-12-25 17:21:01,Costco,123.53
a7647a28-fba1-48c8-ba75-378a675288cb,2023-12-20 17:21:01,Safeway,50.68
dc7d9acc-5c41-4ab2-a3d2-0e6ada94de38,2023-12-15 17:21:01,CVS,82.85
317d0205-d5c3-4c57-90aa-23c618fb2c5f,2024-01-05 17:21:01,Chevron,39.94
86614e74-39d4-4d04-bc8f-e67902939fb6,2023-12-17 17:21:01,Safeway,79.53
b37eed06-fd29-44f9-a26f-ce5350986ec5,2023-12-29 17:21:01,McDonald's,2.58
e5515ce3-b48a-4a4e-b4db-43d2d4f8b90b,2023-12-18 17:21:01,Lowe's,121.66
4f27b756-707a-4aa2-9db1-8fd3749ac81f,2023-12-23 17:21:01,Home Depot,44.38
910090a1-0a0a-4201-87d2-cc74bec9e6f9,2023-12-16 17:21:01,Microcenter,78.06
420edf83-891b-472e-b255-dcd5c090cd25,2023-12-24 17:21:01,Home Depot,39.18
bb88304f-3acb-412a-8739-a2fd0938ff06,2024-01-06 17:21:01,Target,102.42
b0c17c6e-1a08-4bd6-b770-afda29cd7643,2023-12-20 17:21:01,7-Eleven,115.62
65a60036-927e-4fcf-b90c-84a5f3320502,2023-12-28 17:21:01,Target,63.06
40ac04aa-5146-494b-b265-392caf5edd03,2023-12-13 17:21:01,Starbucks,52.11
17a4e427-8218-439e-9cdd-cc789b5f3b32,2023-12-20 17:21:01,CVS,70.37
c29ccdca-dd18-4fed-bc98-d49ccab15b06,2023-12-30 17:21:01,Starbucks,103.18
9bc1fcf2-6a2b-43c0-9273-e3b3f63d3d92,2023-12-27 17:21:01,Costco,11.12
9eb8f2a3-0dce-4eed-933b-5e3fa04c5d77,2023-12-27 17:21:01,Starbucks,82.71
6b5f7fa6-9f14-4330-a38e-001ac966d3fc,2023-12-21 17:21:01,Walmart,58.72
5968a84d-abe6-4a4f-a59a-6cdd8cb5b851,2023-12-18 17:21:01,Trader Joe's,139.88
2adcc05b-49d9-4920-8509-eca509611a38,2023-12-17 17:21:01,Lowe's,61.9
871ba844-3f6b-4688-866a-33a91be003be,2023-12-26 17:21:01,Home Depot,18.75
97179c7d-f00f-4796-85e2-b824d6186fe2,2023-12-24 17:21:01,7-Eleven,71.88
8426cf84-bd9d-46b0-b1c9-603892ba0336,2023-12-30 17:21:01,McDonald's,41.33
c9881b73-e82e-4584-b79a-4b78f9c5d508,2023-12-21 17:21:01,Lowe's,96.38
8966e521-47c1-4001-8302-8f1e60a59b49,2023-12-22 17:21:01,Whole Foods,96.67
1ac2b6a7-5ec6-4c3f-a854-c1af18e74aea,2024-01-10 17:21:01,Walmart,48.46
c9935654-057e-44a5-b663-be351efb0567,2023-12-31 17:21:01,Chevron,94.28
0b3de5df-d155-43a2-b626-ea7ad39b6dd3,2023-12-12 17:21:01,Apple Store,8.2
440bca26-f2b6-4567-8b2a-1a661ad052bb,2023-12-22 17:21:01,McDonald's,73.19
83e260f9-b53c-4054-a358-6af947073e1a,2023-12-28 17:21:01,Walgreens,25.64
6b5052b2-f796-4412-afc7-82d0d2322fe4,2023-12-29 17:21:01,Chevron,77.59
1239e3fd-7ad4-40fc-b314-4e99f7560388,2024-01-05 17:21:01,Best Buy,72.83
75142dfb-e996-4b66-8ed5-5160cc0a403f,2024-01-01 17:21:01,Target,131.86
6e4fa2f4-5f09-48c7-85aa-af70f75cc768,2024-01-07 17:21:01,Microcenter,34.75
882f5770-b950-431e-bb54-076ed8a34727,2023-12-14 17:21:01,Target,99.39
e24d04e8-492c-437c-bc7f-feeb811fdee5,2023-12-24 17:21:01,Costco,5.57
97780840-f9af-4595-b1f2-dc93edc78b6d,2023-12-15 17:21:01,7-Eleven,91.69
09ce8ca7-9722-410e-b8b0-951b633c89b0,2024-01-03 17:21:01,Best Buy,65.21
7be6e350-d677-461c-8309-c81b694cb08d,2023-12-29 17:21:01,Subway,46.24
d6ce9d65-7fd8-4e7d-a804-6677762910b5,2023-12-15 17:21:01,Target,43.9
94208642-5baf-42bb-872c-703e2ce935c9,2024-01-08 17:21:01,Safeway,58.04
dc877e35-3312-430c-b433-3a10ce4704b8,2023-12-30 17:21:01,Costco,91.61
e24be9ef-dbd5-4f80-b29f-3c8868756156,2023-12-29 17:21:01,CVS,50.2
8d0ce9a3-38f7-4a22-98be-c759526b3719,2023-12-26 17:21:01,McDonald's,133.61
3d9d8fb7-55a6-4c42-b759-2faf6874894a,2024-01-11 17:21:01,Walgreens,138.94
06c2ff69-af20-44a3-bac8-3fa02f756e01,2023-12-21 17:21:01,Apple Store,146.06
0603c91d-1056-4c9e-9bf0-ac4205158874,2023-12-13 17:21:01,Whole Foods,108.0
481e5d07-1f71-4464-976b-13d1021009bc,2024-01-10 17:21:01,Microcenter,59.39
3dd7895d-3c54-4c1e-bddc-4b538396308c,2024-01-10 17:21:01,Home Depot,34.47
d8326fc3-5698-4cf0-9ceb-14a4e3aa2655,2023-12-14 17:21:01,Chevron,80.05
40406093-ccbb-43e1-a9a3-f02ef0b2b81f,2023-12-25 17:21:01,CVS,79.41
2657d620-8c8a-4f80-8c9d-3e7071070949,2023-12-27 17:21:01,Starbucks,136.13
738f775b-55b5-4898-84b8-ce558aa87931,2023-12-16 17:21:01,Target,44.07
80bea998-35f1-487a-8036-31a6a8848e6f,2024-01-10 17:21:01,Chevron,103.07
1ab5ba09-7ba2-439b-9b70-54febd7a1ece,2023-12-14 17:21:01,Chevron,11.76
c293a1cf-09de-4df6-8542-c505ebdd91f0,2023-12-28 17:21:01,Apple Store,108.68
f0f56dfb-b68b-485d-bcbf-509a0122fece,2024-01-02 17:21:01,Subway,35.38
81fe060f-e59e-48d2-a672-5b8f393cd1a0,2023-12-27 17:21:01,Subway,101.76
32f179b9-8737-47a3-9738-d9f90eb39feb,2024-01-11 17:21:01,7-Eleven,20.5
97382b95-6c78-48ac-a3c8-e0b20f6a71bb,2023-12-20 17:21:01,Kroger,42.31
8d709137-c6f9-48e5-ac69-9b025a8d862e,2024-01-05 17:21:01,Apple Store,7.7
4cc706e0-a49f-432c-8600-49f3e2a8d2bd,2023-12-20 17:21:01,Target,75.1
b52c318e-187c-463f-96dc-7301d9f9f6e1,2023-12-28 17:21:01,Subway,92.98
e49317d4-120a-477e-8660-ee45d67d7ae3,2023-12-12 17:21:01,Walmart,21.42
5cf11c85-035e-4b47-a9d7-515a18575929,2023-12-19 17:21:01,Home Depot,102.19
839e5f51-2ebc-40a7-9d80-2182b6cfcd0d,2023-12-16 17:21:01,7-Eleven,65.21
b67180f1-8114-4180-9ca8-25c60df25d90,2024-01-06 17:21:01,Amazon,66.04
fd32c106-0592-4a13-aa82-caae671e124f,2024-01-09 17:21:01,Safeway,38.56
237b54d7-0447-4301-9554-0183ded4ed86,2024-01-11 17:21:01,Walgreens,21.57
63484d9a-4c4e-4a96-94c8-e2f06d05967d,2023-12-24 17:21:01,Best Buy,52.76
308fd044-352d-4847-be63-9ddd4aa96f4b,2023-12-24 17:21:01,McDonald's,133.94
b9ea71b2-0b7d-4996-8380-846e38aa4fc4,2023-12-16 17:21:01,Subway,138.56
c201744f-12a9-4c31-baed-a5e87bbbfc59,2023-12-20 17:21:01,CVS,148.46
d1cf38de-23b9-4888-aca3-96b0f421a565,2023-12-22 17:21:01,Amazon,25.52
5aa586f5-624c-48d5-b769-e5528ae1868b,2024-01-11 17:21:01,Microcenter,11.7
69e9b6da-1248-4daa-bbe4-2579b1bd07b0,2023-12-16 17:21:01,Starbucks,66.8
18847a04-048e-4610-9bd3-9c5608aafcdd,2024-01-03 17:21:01,CVS,106.27
0359bd4b-4363-4610-a19c-8cd9531da434,2023-12-14 17:21:01,Subway,56.63
fc7372a8-cd0b-4458-88e1-cd830fb1bbd0,2023-12-31 17:21:01,Target,127.14
8f40071c-4b3a-4bf2-9350-4897a92d405d,2023-12-23 17:21:01,McDonald's,113.03
690ce660-5787-4fc2-83fa-0bc6ef32caeb,2023-12-25 17:21:01,Walgreens,129.24
cecd61b9-f1a0-4d74-8647-2945e2e3e7e0,2024-01-10 17:21:01,Kroger,71.65
834a38ce-bbbb-47df-97f1-e6791fa51a04,2023-12-26 17:21:01,Best Buy,85.38
144ccacf-3286-46e9-91c0-53a564d3fc8c,2024-01-09 17:21:01,Amazon,144.29
00f4b887-1740-4f5f-94dc-5fd5aaf5cab2,2023-12-27 17:21:01,Amazon,9.7
f8a822be-8a19-4a9c-b637-3a1e77081e6a,2024-01-08 17:21:01,Starbucks,149.52
4ed90009-951b-4997-9095-a822e109ad45,2023-12-27 17:21:01,Apple Store,70.82
fc9768cf-3f72-446a-ab66-54023b73417b,2023-12-16 17:21:01,Target,122.11
cd9ca401-2c52-47fc-b6e9-a39b7538029a,2023-12-29 17:21:01,Walmart,62.96
43d46078-20aa-4015-a526-6ab84e47f2aa,2023-12-21 17:21:01,Lowe's,130.72
474d3eb3-5817-4610-80c2-4cafaa783e76,2023-12-13 17:21:01,Safeway,7.28
76dbd123-8d8e-43b0-9bf5-215c54ea5677,2024-01-01 17:21:01,7-Eleven,139.6
cc89dd40-d481-4e18-823a-b1532ab62584,2023-12-20 17:21:01,Trader Joe's,100.52
4b09303f-e2d9-4c74-8ced-4cf74bcc28ad,2023-12-30 17:21:01,Starbucks,1.18
11cde1ad-76c0-4e7b-bf62-522588747e61,2023-12-15 17:21:01,Walgreens,60.18
6a67fb00-c81f-4449-9d31-bda20abecccc,2024-01-09 17:21:01,Costco,71.16
34f8cc13-c962-4451-9899-8cc20a0df499,2023-12-24 17:21:01,Walgreens,60.68
48d0b034-7e7e-49e6-b393-ee732938b1c1,2024-01-02 17:21:01,Best Buy,102.69
67d8a5d6-fe99-4ff1-b75b-c88e9204dd7d,2023-12-27 17:21:01,Costco,100.48
5788edbf-2fd1-4319-94cb-b64ae4bd89fc,2023-12-22 17:21:01,Starbucks,91.01
efc904af-1463-4171-acf1-2a6c6acd7b2d,2023-12-17 17:21:01,Chevron,22.16
66898e6e-a25d-4de3-b6ac-7e44d0ab973c,2023-12-18 17:21:01,Target,111.82
885830e2-279b-4540-9dfc-793fbe55bfe5,2023-12-15 17:21:01,Trader Joe's,87.65
ba6faca6-7380-4853-88ef-76b76aefb684,2024-01-01 17:21:01,Kroger,122.46
84784c3b-45af-4698-a2a7-c7d905e512e1,2023-12-24 17:21:01,Best Buy,57.89
78171a37-9f62-4306-96be-fcaa48049bb1,2023-12-25 17:21:01,Chevron,8.25
1ec04064-935c-4a4f-9243-3d3fb0537630,2024-01-11 17:21:01,Whole Foods,106.67
5df8033f-e25c-4bd9-b34e-7244796a0a36,2023-12-30 17:21:01,Subway,144.72
debf4793-e739-4115-b667-396d44a5d420,2023-12-13 17:21:01,McDonald's,31.19
6eac0b54-43fb-43d8-94eb-5d5c286fd138,2024-01-01 17:21:01,Lowe's,133.79
114db4a7-1532-493f-a19c-a709165d1158,2023-12-25 17:21:01,Home Depot,103.14
7af0a632-12b0-42c3-a28a-f6fe9ac7731d,2023-12-22 17:21:01,Best Buy,78.27
cb50c9ac-575e-45bd-a4a9-90b62c91de72,2023-12-25 17:21:01,Amazon,84.45
e551db50-3f70-4906-98f3-ad29e6e31487,2024-01-11 17:21:01,Subway,105.61
92ee0d48-769f-4565-9d50-1ee68bcbd6ae,2023-12-22 17:21:01,Amazon,11.1
c41f6a6b-bb48-4fb6-bd8a-effefdf812f3,2023-12-17 17:21:01,Subway,79.31
4c6fa1ac-3a8a-4876-9f73-a3e421d44960,2023-12-17 17:21:01,McDonald's,116.2
2ff55dee-6cb1-48be-8d03-c57695ad5131,2023-12-18 17:21:01,Safeway,115.13
9c06d757-27ba-4b21-bc98-91cf200ae6a6,2023-12-26 17:21:01,Whole Foods,51.19
e0e08e4b-c55e-490b-aeba-33b810608643,2023-12-27 17:21:01,Kroger,40.59
5fa3800c-dcb9-4405-9c94-b834ed1c3c0d,2023-12-19 17:21:01,Costco,27.24
fdd7be13-eeba-4f52-95d8-24506ea17952,2023-12-25 17:21:01,Amazon,35.44
e057780a-8de8-4777-a3e3-2f7aef55564b,2023-12-24 17:21:01,7-Eleven,76.06
dad8afae-18cb-4380-b8ea-be62416f6ecf,2023-12-26 17:21:01,CVS,28.4
91bace00-17b9-40ba-96ef-b42e2decf8ec,2024-01-01 17:21:01,Safeway,128.81
bfcde39e-443a-42b5-bde7-00dffed61ff1,2024-01-04 17:21:01,McDonald's,9.89
a6a58184-f3c9-4ee6-8286-37037e0d0467,2023-12-18 17:21:01,7-Eleven,6.61
a5a2c40c-86a4-4983-bf67-12cc2949f272,2024-01-09 17:21:01,Whole Foods,76.96
4eacdc39-5b1b-4c85-8d93-285fadb1ea40,2023-12-22 17:21:01,Safeway,136.5
b2befe0f-3b7e-4e24-9200-844271facbf0,2024-01-02 17:21:01,Home Depot,104.3
dcaa9a61-a5d0-4536-8991-230303c16538,2023-12-14 17:21:01,Microcenter,62.52
