UUID,FIRST_NAME,LAST_NAME,EMPLOYEE_NUMBER
436ff728-4c3e-478c-9069-065da0b4f7d5,Robert,Anderson,487185
ac9f1d18-2566-4aa4-a524-816e1a516fca,Christopher,Jones,539177
e0262864-33e2-4db0-8f78-3d0b748ee892,Charles,Perez,150271
04611786-be18-44cc-ba5c-529a17bdea63,Susan,Lewis,608261
66de492a-5a2e-49b5-9936-beddf76ff8c9,Karen,Jones,237648
12c83ea4-6ce8-42d4-87d6-4d60afb8dc30,Joseph,Harris,238736
a800e1d5-d11c-491d-b7e7-59f15a9c1581,Susan,Hall,428692
6a48815a-82a9-4c74-82bf-12470313cb6d,William,Jackson,716254
d43e9e99-92de-49cf-a879-63652740275a,Jessica,Gonzalez,692194
98133f45-6a8b-4497-9f80-912d54fe1319,Sarah,Miller,052551
a1f2eae5-4b47-439b-94c0-fb97b89d2ad8,Thomas,Lopez,962588
3d91b94a-9949-4e09-8296-5a6e188b65d2,David,Gonzalez,386969
c87c0d55-b35f-45ff-99e6-255f8c2bcdcc,Matthew,Wilson,366462
6638fe2b-8f86-4f66-871e-33678da70528,Barbara,Lee,151368
16e8fbdf-d964-4ac5-833a-f29264a134a0,Richard,Williams,707245
ce590560-ab41-4c69-adb1-00186150f716,David,Robinson,138888
faf9c5a0-c790-4981-9c35-4d1f70eb4de2,Linda,Smith,161441
3efd2762-2c03-4941-aa49-e084697c190a,Margaret,Garcia,857163
2ef092fd-e24d-4604-a60d-1d94f8b39e3f,Mary,Lee,927921
30612d51-0c4b-42bc-83a1-95ad1dae4e39,Margaret,Martinez,863154
77f9e39a-5892-4347-b91e-c1112ebf6f6b,John,Wilson,541823
5679f7e1-2ec5-418d-850c-3fca8b8f4fd5,Linda,Lopez,951085
135e1de0-20d1-4c5c-aec0-720b4b873d83,Nancy,Gonzalez,668304
d4d09c28-29ae-4344-830f-6857a695d692,Margaret,Harris,369250
e0c6d22b-b1a6-4c71-aa87-eebb9d3d90dc,James,Garcia,639968
1efb8af4-d0bb-416c-9897-182bc4a7efe5,Betty,Hernandez,319382
3666fc72-49c5-4eb3-82ef-136ccf48a711,Mary,Lopez,443491
8919e08a-7ff9-4d3e-9215-e821459fb6a2,Nancy,Anderson,117839
6949f53b-9bbd-41d6-9d96-6210c6dbe7ab,Karen,Miller,367464
eb218964-052d-4d29-b122-c0fca483389d,Jessica,Martinez,624623
c7f83747-5ef4-4929-ab35-28eabfb43d2d,Charles,Taylor,899470
063a361a-5b56-4aee-a8a2-9e44e3fe7663,Jessica,Lewis,338847
b669532f-76bb-4861-a5ef-6ba7fe0a6b84,Matthew,Davis,431146
2dbb3624-5a1a-4df7-98f9-1a8190204bc4,David,Moore,055446
762292c4-2b3f-4689-bedd-34cc1cf0888b,Linda,Perez,190000
3b93f9f7-e017-4b0a-b947-5316de8935b5,Nancy,Martinez,495741
07820120-3146-4c8b-9e9f-92243e21408f,Sarah,Lee,931093
47123f79-a5fa-437e-b398-9cfaa076b32d,Lisa,Robinson,991148
64776def-3e24-479b-af66-aa5d650dcd0e,Margaret,Taylor,751040
34d0acd1-1b8f-4341-8bac-69c1c46625c7,Margaret,Martin,023031
ea6ed10d-993a-4c2e-8d75-3e5e798f7987,Thomas,Davis,052603
e65a87e1-457c-4817-91a6-5b9d2124141e,James,Moore,138425
475abee2-9166-4094-bc1f-aeed98d7060f,Susan,Robinson,731981
78b516b3-8e6e-4752-afb3-68d1f18e3b95,Karen,Hall,064969
9529a79f-2e96-490c-95ec-957865f24a23,Barbara,Lee,011460
9ce1fb2d-f7f7-41c2-89c8-12c5573dd4fa,Joseph,Lewis,151372
153e5b64-cc89-4f41-9634-1bcd17e485ab,Matthew,Jackson,113526
ca838ff4-dde4-423c-b8dc-2a6a0384f23c,Thomas,Anderson,584245
3869676e-e533-488b-991b-10beee0d8960,Nancy,Hernandez,439771
83a993a7-6013-4990-a23c-ee3ab132b0bf,James,Lopez,968397
820526c0-bc66-4097-8673-4c484c9c95f5,Jennifer,Anderson,318814
3e70c07c-de63-4db4-a81c-88df7769f0fd,Anthony,Lee,550353
e5f807cb-3eff-4b4f-b105-86d81b25997e,James,Clark,740056
b8e93ba5-ff3d-4258-877b-a89f4429478c,Susan,Lee,799336
d01b1323-61ee-4794-a997-afa269517791,Karen,Walker,731445
e80cdc4a-3064-4422-a1c2-43aa6c49112a,Anthony,Martin,137766
27397036-e670-4333-bf7a-42ab5d48eb05,Lisa,Jones,710361
75074ef2-3094-4e76-8c7c-5282eb2d4fe3,Joseph,Perez,850673
14f00544-9dd2-43da-9015-9c052bc9cf4d,Sarah,Wilson,523959
40b158c5-4e56-4592-90fc-731daa103176,Sandra,Lewis,000735
25571da9-6d8e-43bb-9b7d-ea192f8551d9,Elizabeth,Moore,503062
804cf781-0be7-430a-9098-c3655b6da119,Susan,Robinson,741161
ea9fe7fc-5380-484e-b0ba-f929ecece8bc,Susan,Harris,395260
218e669b-d368-4ee4-9b50-a28139aaebf2,Robert,Wilson,183801
9cc1d90f-e290-4a5a-9578-5773276e7131,Michael,Lee,217587
352184c5-8300-4c70-b0d4-4a62689d4417,Sarah,Martinez,686614
b0b287f9-eb4e-42a3-9f9c-87f21875cf19,Jennifer,Miller,568072
cb697736-1e3e-44ae-9244-ed892519bc14,David,Davis,334252
2dd9f5d5-82f8-4726-9bb1-2cb6de284ec2,William,Robinson,545950
c2df3c5d-6527-4717-b446-f05b7d548784,David,Garcia,625205
776d58b4-5e0a-42eb-ba01-6a2f936b9396,Linda,Garcia,232333
4b0a55ec-dcc1-4607-a493-4176f35be34b,Karen,Robinson,558314
2a3d68d9-857d-4e95-a8f0-414fe9ee81d0,Patricia,Perez,009503
5d31f5c4-af54-4281-811a-c5506c2d9fda,Joseph,Lewis,110172
4a3b6bb8-3f21-4345-96c7-9052d606f62b,Mark,Perez,840018
0c04bfe4-4fd2-4e65-a466-dbdb4986b64f,Joseph,White,914504
3c9c6fd0-048e-4969-802a-93dcc4685232,Patricia,White,855490
e15e8760-af62-40cd-bc63-bbdddd3aeaf9,Sandra,Williams,663765
83c51267-0dae-4743-92a6-5fad84b88e65,Linda,Brown,369268
d131aa6f-f377-4887-b291-30fb6dc6c0d3,Mark,Miller,577753
1a4d5468-328a-453f-bfcd-b5f977e4c3bd,Matthew,Hall,416542
46dd1f05-3347-4361-97b7-da906eb5ad86,Matthew,White,731841
3b010df5-121a-44f9-afb7-4c1e400b6a84,William,Miller,322964
72d19877-4f89-484b-8fc8-ac17621678a5,Patricia,Davis,190394
b15e0fee-9dfb-45fb-9a08-18e569e06f98,Mary,Thomas,209034
d733c55c-43de-4d22-a24a-2c9af72b4b65,Joseph,Martin,227321
25d15882-ebeb-4df5-adde-34e991571532,Patricia,Perez,725578
cb76c00a-6c3e-4740-9ba2-6c47bc3a3ecf,Charles,Clark,445027
c0e4ee6e-3850-4692-9629-d65a2220383c,Joseph,Lee,456173
2608fe40-6ff6-44ef-a30b-6051445e6436,Charles,Harris,369709
e9bbe458-7e75-4007-97f3-bb0ce119e30a,Sarah,Smith,818159
6d2655b7-4395-418a-af9f-d9af06f0dd70,Mary,Thomas,887461
dd4a06f6-2e79-4cf7-ab70-c08974e5f9be,Anthony,Thompson,049077
195fcb35-3f9e-42ab-9d52-acba2aaf6999,Mary,Hall,646924
c85d670d-f62a-44e6-a0a0-a1089bee08ff,Nancy,Miller,308010
b5a29991-e919-4d3c-a5dc-7d92dbc4ca4a,Joseph,Walker,293143
4dc5132f-2085-4ee7-9665-5cca9812b287,Sandra,Martinez,252863
a6466bb6-89c7-4467-8ee5-56c6b66d7f4d,Sandra,Taylor,567836
6da9f8c3-63cb-4704-bd69-90370db01780,Matthew,Robinson,048008
db7920f7-2fbe-4799-9766-4f00af25f877,Sarah,Lewis,658836